"x","z","key","id"
84,8,"doors",1
76,40,"doors",2
76,35,"doors",3
75,25,"doors",4
70,16,"doors",5
70,15,"doors",6
70,8,"doors",7
69,8,"doors",8
67,40,"doors",9
61,33,"doors",10
61,32,"doors",11
58,40,"doors",12
56,26,"doors",13
56,25,"doors",14
56,23,"doors",15
56,22,"doors",16
54,8,"doors",17
49,40,"doors",18
43,33,"doors",19
43,29,"doors",20
43,24,"doors",21
43,20,"doors",22
41,13,"doors",23
40,40,"doors",24
39,27,"doors",25
39,18,"doors",26
37,8,"doors",27
31,40,"doors",28
25,35,"doors",29
25,13,"doors",30
25,8,"doors",31
22,40,"doors",32
16,5,"doors",33
16,4,"doors",34
16,2,"doors",35
16,1,"doors",36
13,40,"doors",37
4,40,"doors",38
92,10,"walls",39
92,9,"walls",40
92,8,"walls",41
92,7,"walls",42
92,6,"walls",43
91,11,"walls",44
91,10,"walls",45
91,6,"walls",46
91,5,"walls",47
90,14,"walls",48
90,13,"walls",49
90,12,"walls",50
90,4,"walls",51
90,3,"walls",52
90,2,"walls",53
89,14,"walls",54
89,2,"walls",55
88,15,"walls",56
88,14,"walls",57
88,2,"walls",58
88,1,"walls",59
87,15,"walls",60
87,1,"walls",61
86,16,"walls",62
86,15,"walls",63
86,1,"walls",64
86,0,"walls",65
84,49,"walls",66
84,40,"walls",67
84,35,"walls",68
84,26,"walls",69
84,17,"walls",70
84,16,"walls",71
84,9,"walls",72
84,8,"doors",73
84,7,"walls",74
84,0,"walls",75
83,40,"walls",76
83,35,"walls",77
83,26,"walls",78
83,17,"walls",79
83,16,"walls",80
82,40,"walls",81
82,35,"walls",82
82,26,"walls",83
82,17,"walls",84
82,16,"walls",85
82,5,"walls",86
81,40,"walls",87
81,35,"walls",88
81,26,"walls",89
81,17,"walls",90
81,16,"walls",91
81,5,"walls",92
80,41,"walls",93
80,40,"walls",94
80,35,"walls",95
80,34,"walls",96
80,26,"walls",97
80,23,"walls",98
80,17,"walls",99
80,16,"walls",100
80,15,"walls",101
80,5,"walls",102
80,4,"walls",103
80,3,"walls",104
80,2,"walls",105
79,42,"walls",106
79,41,"walls",107
79,40,"walls",108
79,35,"walls",109
79,34,"walls",110
79,33,"walls",111
79,26,"walls",112
79,23,"walls",113
79,17,"walls",114
79,16,"walls",115
78,45,"walls",116
78,44,"walls",117
78,43,"walls",118
78,42,"walls",119
78,41,"walls",120
78,40,"walls",121
78,35,"walls",122
78,34,"walls",123
78,33,"walls",124
78,32,"walls",125
78,31,"walls",126
78,30,"walls",127
78,26,"walls",128
78,23,"walls",129
78,17,"walls",130
78,16,"walls",131
78,15,"walls",132
77,40,"walls",133
77,35,"walls",134
77,26,"walls",135
77,23,"walls",136
77,22,"walls",137
77,17,"walls",138
77,16,"walls",139
76,40,"doors",140
76,35,"doors",141
76,26,"walls",142
76,23,"walls",143
76,22,"walls",144
76,21,"walls",145
76,17,"walls",146
76,16,"walls",147
75,49,"walls",148
75,48,"walls",149
75,47,"walls",150
75,46,"walls",151
75,45,"walls",152
75,44,"walls",153
75,43,"walls",154
75,42,"walls",155
75,41,"walls",156
75,40,"walls",157
75,35,"walls",158
75,34,"walls",159
75,33,"walls",160
75,32,"walls",161
75,31,"walls",162
75,30,"walls",163
75,29,"walls",164
75,28,"walls",165
75,27,"walls",166
75,26,"walls",167
75,25,"doors",168
75,24,"walls",169
75,23,"walls",170
75,22,"walls",171
75,21,"walls",172
75,20,"walls",173
75,19,"walls",174
75,18,"walls",175
75,17,"walls",176
75,16,"walls",177
75,15,"walls",178
75,14,"walls",179
75,13,"walls",180
75,12,"walls",181
75,11,"walls",182
75,10,"walls",183
75,9,"walls",184
75,8,"walls",185
74,40,"walls",186
74,8,"walls",187
74,7,"walls",188
73,40,"walls",189
73,8,"walls",190
73,7,"walls",191
73,6,"walls",192
72,40,"walls",193
72,8,"walls",194
72,7,"walls",195
72,6,"walls",196
72,5,"walls",197
72,4,"walls",198
71,41,"walls",199
71,40,"walls",200
71,8,"walls",201
70,42,"walls",202
70,41,"walls",203
70,40,"walls",204
70,35,"walls",205
70,17,"walls",206
70,16,"doors",207
70,15,"doors",208
70,14,"walls",209
70,13,"walls",210
70,8,"doors",211
69,45,"walls",212
69,44,"walls",213
69,43,"walls",214
69,42,"walls",215
69,41,"walls",216
69,40,"walls",217
69,35,"walls",218
69,34,"walls",219
69,33,"walls",220
69,8,"doors",221
68,40,"walls",222
68,35,"walls",223
68,34,"walls",224
68,8,"walls",225
68,7,"walls",226
68,6,"walls",227
68,5,"walls",228
68,4,"walls",229
68,3,"walls",230
68,2,"walls",231
68,1,"walls",232
68,0,"walls",233
67,40,"doors",234
67,35,"walls",235
67,8,"walls",236
66,49,"walls",237
66,48,"walls",238
66,47,"walls",239
66,46,"walls",240
66,45,"walls",241
66,44,"walls",242
66,43,"walls",243
66,42,"walls",244
66,41,"walls",245
66,40,"walls",246
66,35,"walls",247
66,8,"walls",248
65,40,"walls",249
65,35,"walls",250
65,8,"walls",251
64,40,"walls",252
64,35,"walls",253
64,8,"walls",254
63,40,"walls",255
63,35,"walls",256
63,14,"walls",257
63,8,"walls",258
62,41,"walls",259
62,40,"walls",260
62,35,"walls",261
62,15,"walls",262
62,14,"walls",263
62,8,"walls",264
61,42,"walls",265
61,41,"walls",266
61,40,"walls",267
61,35,"walls",268
61,34,"walls",269
61,33,"doors",270
61,32,"doors",271
61,31,"walls",272
61,14,"walls",273
61,13,"walls",274
61,8,"walls",275
60,45,"walls",276
60,44,"walls",277
60,43,"walls",278
60,42,"walls",279
60,41,"walls",280
60,40,"walls",281
60,8,"walls",282
59,40,"walls",283
59,8,"walls",284
58,40,"doors",285
58,8,"walls",286
58,7,"walls",287
57,49,"walls",288
57,48,"walls",289
57,47,"walls",290
57,46,"walls",291
57,45,"walls",292
57,44,"walls",293
57,43,"walls",294
57,42,"walls",295
57,41,"walls",296
57,40,"walls",297
57,8,"walls",298
57,7,"walls",299
57,6,"walls",300
56,40,"walls",301
56,35,"walls",302
56,34,"walls",303
56,33,"walls",304
56,32,"walls",305
56,31,"walls",306
56,30,"walls",307
56,29,"walls",308
56,28,"walls",309
56,27,"walls",310
56,26,"doors",311
56,25,"doors",312
56,24,"walls",313
56,23,"doors",314
56,22,"doors",315
56,21,"walls",316
56,20,"walls",317
56,19,"walls",318
56,18,"walls",319
56,17,"walls",320
56,16,"walls",321
56,15,"walls",322
56,14,"walls",323
56,13,"walls",324
56,8,"walls",325
56,7,"walls",326
56,6,"walls",327
56,5,"walls",328
56,4,"walls",329
55,40,"walls",330
55,35,"walls",331
55,34,"walls",332
55,33,"walls",333
55,24,"walls",334
55,15,"walls",335
55,14,"walls",336
55,13,"walls",337
55,8,"walls",338
54,40,"walls",339
54,35,"walls",340
54,34,"walls",341
54,24,"walls",342
54,14,"walls",343
54,13,"walls",344
54,8,"doors",345
53,41,"walls",346
53,40,"walls",347
53,35,"walls",348
53,24,"walls",349
53,13,"walls",350
53,8,"walls",351
53,7,"walls",352
53,6,"walls",353
53,5,"walls",354
53,4,"walls",355
53,3,"walls",356
53,2,"walls",357
53,1,"walls",358
53,0,"walls",359
52,42,"walls",360
52,41,"walls",361
52,40,"walls",362
52,35,"walls",363
52,24,"walls",364
52,13,"walls",365
52,8,"walls",366
51,45,"walls",367
51,44,"walls",368
51,43,"walls",369
51,42,"walls",370
51,41,"walls",371
51,40,"walls",372
51,35,"walls",373
51,24,"walls",374
51,13,"walls",375
51,8,"walls",376
50,40,"walls",377
50,35,"walls",378
50,24,"walls",379
50,13,"walls",380
50,8,"walls",381
49,40,"doors",382
49,35,"walls",383
49,24,"walls",384
49,13,"walls",385
49,8,"walls",386
48,49,"walls",387
48,48,"walls",388
48,47,"walls",389
48,46,"walls",390
48,45,"walls",391
48,44,"walls",392
48,43,"walls",393
48,42,"walls",394
48,41,"walls",395
48,40,"walls",396
48,35,"walls",397
48,24,"walls",398
48,13,"walls",399
48,8,"walls",400
47,40,"walls",401
47,35,"walls",402
47,34,"walls",403
47,33,"walls",404
47,32,"walls",405
47,31,"walls",406
47,30,"walls",407
47,29,"walls",408
47,28,"walls",409
47,27,"walls",410
47,26,"walls",411
47,25,"walls",412
47,24,"walls",413
47,23,"walls",414
47,22,"walls",415
47,20,"walls",416
47,19,"walls",417
47,18,"walls",418
47,17,"walls",419
47,16,"walls",420
47,15,"walls",421
47,14,"walls",422
47,13,"walls",423
47,8,"walls",424
46,40,"walls",425
46,35,"walls",426
46,34,"walls",427
46,33,"walls",428
46,32,"walls",429
46,31,"walls",430
46,30,"walls",431
46,29,"walls",432
46,28,"walls",433
46,27,"walls",434
46,26,"walls",435
46,25,"walls",436
46,24,"walls",437
46,23,"walls",438
46,22,"walls",439
46,20,"walls",440
46,19,"walls",441
46,18,"walls",442
46,17,"walls",443
46,16,"walls",444
46,15,"walls",445
46,14,"walls",446
46,13,"walls",447
46,8,"walls",448
45,40,"walls",449
45,35,"walls",450
45,26,"walls",451
45,17,"walls",452
45,13,"walls",453
45,8,"walls",454
44,41,"walls",455
44,40,"walls",456
44,35,"walls",457
44,26,"walls",458
44,17,"walls",459
44,13,"walls",460
44,8,"walls",461
43,42,"walls",462
43,41,"walls",463
43,40,"walls",464
43,35,"walls",465
43,28,"walls",466
43,26,"walls",467
43,25,"walls",468
43,24,"doors",469
43,23,"walls",470
43,22,"walls",471
43,21,"walls",472
43,20,"doors",473
43,19,"walls",474
43,17,"walls",475
43,13,"walls",476
43,8,"walls",477
42,45,"walls",478
42,44,"walls",479
42,43,"walls",480
42,42,"walls",481
42,41,"walls",482
42,40,"walls",483
42,35,"walls",484
42,32,"walls",485
42,31,"walls",486
42,28,"walls",487
42,26,"walls",488
42,23,"walls",489
42,22,"walls",490
42,19,"walls",491
42,17,"walls",492
42,13,"walls",493
42,8,"walls",494
41,40,"walls",495
41,35,"walls",496
41,32,"walls",497
41,31,"walls",498
41,28,"walls",499
41,26,"walls",500
41,23,"walls",501
41,22,"walls",502
41,19,"walls",503
41,17,"walls",504
41,16,"walls",505
41,13,"doors",506
41,8,"walls",507
41,7,"walls",508
40,40,"doors",509
40,35,"walls",510
40,32,"walls",511
40,31,"walls",512
40,28,"walls",513
40,26,"walls",514
40,23,"walls",515
40,22,"walls",516
40,19,"walls",517
40,17,"walls",518
40,16,"walls",519
40,15,"walls",520
40,14,"walls",521
40,13,"walls",522
40,8,"walls",523
40,7,"walls",524
40,6,"walls",525
39,49,"walls",526
39,48,"walls",527
39,46,"walls",528
39,45,"walls",529
39,44,"walls",530
39,43,"walls",531
39,42,"walls",532
39,41,"walls",533
39,40,"walls",534
39,35,"walls",535
39,34,"walls",536
39,33,"walls",537
39,32,"walls",538
39,31,"walls",539
39,30,"walls",540
39,29,"walls",541
39,28,"walls",542
39,27,"doors",543
39,26,"walls",544
39,25,"walls",545
39,24,"walls",546
39,23,"walls",547
39,22,"walls",548
39,21,"walls",549
39,20,"walls",550
39,19,"walls",551
39,18,"doors",552
39,17,"walls",553
39,16,"walls",554
39,15,"walls",555
39,14,"walls",556
39,13,"walls",557
39,8,"walls",558
39,7,"walls",559
39,6,"walls",560
39,5,"walls",561
39,4,"walls",562
38,40,"walls",563
38,8,"walls",564
37,40,"walls",565
37,8,"doors",566
36,40,"walls",567
36,8,"walls",568
36,7,"walls",569
36,6,"walls",570
36,5,"walls",571
36,4,"walls",572
36,3,"walls",573
36,2,"walls",574
36,1,"walls",575
36,0,"walls",576
35,41,"walls",577
35,40,"walls",578
35,8,"walls",579
34,42,"walls",580
34,41,"walls",581
34,40,"walls",582
34,8,"walls",583
33,45,"walls",584
33,44,"walls",585
33,43,"walls",586
33,42,"walls",587
33,41,"walls",588
33,40,"walls",589
32,40,"walls",590
31,40,"doors",591
31,32,"walls",592
31,28,"walls",593
31,24,"walls",594
31,20,"walls",595
31,16,"walls",596
30,49,"walls",597
30,48,"walls",598
30,46,"walls",599
30,45,"walls",600
30,44,"walls",601
30,43,"walls",602
30,42,"walls",603
30,41,"walls",604
30,40,"walls",605
30,32,"walls",606
30,28,"walls",607
30,24,"walls",608
30,20,"walls",609
30,16,"walls",610
29,40,"walls",611
29,32,"walls",612
29,31,"walls",613
29,30,"walls",614
29,29,"walls",615
29,28,"walls",616
29,27,"walls",617
29,26,"walls",618
29,25,"walls",619
29,24,"walls",620
29,23,"walls",621
29,22,"walls",622
29,21,"walls",623
29,20,"walls",624
29,19,"walls",625
29,18,"walls",626
29,17,"walls",627
29,16,"walls",628
29,8,"walls",629
28,40,"walls",630
28,32,"walls",631
28,28,"walls",632
28,24,"walls",633
28,20,"walls",634
28,16,"walls",635
28,8,"walls",636
27,40,"walls",637
27,32,"walls",638
27,28,"walls",639
27,24,"walls",640
27,20,"walls",641
27,16,"walls",642
27,8,"walls",643
27,7,"walls",644
27,6,"walls",645
27,5,"walls",646
27,4,"walls",647
27,3,"walls",648
27,2,"walls",649
27,1,"walls",650
27,0,"walls",651
26,41,"walls",652
26,40,"walls",653
26,8,"walls",654
26,0,"walls",655
25,42,"walls",656
25,41,"walls",657
25,40,"walls",658
25,35,"doors",659
25,13,"doors",660
25,8,"doors",661
25,0,"walls",662
24,45,"walls",663
24,44,"walls",664
24,43,"walls",665
24,42,"walls",666
24,41,"walls",667
24,40,"walls",668
24,8,"walls",669
24,0,"walls",670
23,40,"walls",671
23,32,"walls",672
23,28,"walls",673
23,24,"walls",674
23,20,"walls",675
23,16,"walls",676
23,8,"walls",677
23,0,"walls",678
22,40,"doors",679
22,32,"walls",680
22,28,"walls",681
22,24,"walls",682
22,20,"walls",683
22,16,"walls",684
21,49,"walls",685
21,48,"walls",686
21,46,"walls",687
21,45,"walls",688
21,44,"walls",689
21,43,"walls",690
21,42,"walls",691
21,41,"walls",692
21,40,"walls",693
21,32,"walls",694
21,31,"walls",695
21,30,"walls",696
21,29,"walls",697
21,28,"walls",698
21,27,"walls",699
21,26,"walls",700
21,25,"walls",701
21,24,"walls",702
21,23,"walls",703
21,22,"walls",704
21,21,"walls",705
21,20,"walls",706
21,19,"walls",707
21,18,"walls",708
21,17,"walls",709
21,16,"walls",710
21,7,"walls",711
20,40,"walls",712
20,32,"walls",713
20,28,"walls",714
20,24,"walls",715
20,20,"walls",716
20,16,"walls",717
19,40,"walls",718
19,32,"walls",719
19,28,"walls",720
19,24,"walls",721
19,20,"walls",722
19,16,"walls",723
19,7,"walls",724
18,40,"walls",725
17,41,"walls",726
17,40,"walls",727
17,11,"walls",728
17,7,"walls",729
16,42,"walls",730
16,41,"walls",731
16,40,"walls",732
16,35,"walls",733
16,13,"walls",734
16,12,"walls",735
16,11,"walls",736
16,7,"walls",737
16,6,"walls",738
16,5,"doors",739
16,4,"doors",740
16,3,"walls",741
16,2,"doors",742
16,1,"doors",743
16,0,"walls",744
15,45,"walls",745
15,44,"walls",746
15,43,"walls",747
15,42,"walls",748
15,41,"walls",749
15,40,"walls",750
15,6,"walls",751
15,0,"walls",752
14,40,"walls",753
14,6,"walls",754
14,0,"walls",755
13,40,"doors",756
13,6,"walls",757
13,0,"walls",758
12,49,"walls",759
12,48,"walls",760
12,47,"walls",761
12,46,"walls",762
12,45,"walls",763
12,44,"walls",764
12,43,"walls",765
12,42,"walls",766
12,41,"walls",767
12,40,"walls",768
12,6,"walls",769
12,0,"walls",770
11,40,"walls",771
11,6,"walls",772
11,0,"walls",773
10,40,"walls",774
10,6,"walls",775
10,0,"walls",776
9,40,"walls",777
9,6,"walls",778
9,0,"walls",779
8,41,"walls",780
8,40,"walls",781
8,6,"walls",782
8,0,"walls",783
7,42,"walls",784
7,41,"walls",785
7,40,"walls",786
7,6,"walls",787
7,0,"walls",788
6,45,"walls",789
6,44,"walls",790
6,43,"walls",791
6,42,"walls",792
6,41,"walls",793
6,40,"walls",794
6,6,"walls",795
6,0,"walls",796
5,40,"walls",797
5,0,"walls",798
4,40,"doors",799
4,0,"walls",800
3,49,"walls",801
3,40,"walls",802
3,35,"walls",803
3,0,"walls",804
2,49,"walls",805
2,0,"walls",806
1,49,"walls",807
1,0,"walls",808
0,49,"walls",809
0,0,"walls",810
92,10,"walls",889
92,9,"walls",890
92,8,"walls",891
92,7,"walls",892
92,6,"walls",893
91,11,"walls",894
91,10,"walls",895
91,6,"walls",896
91,5,"walls",897
90,14,"walls",898
90,13,"walls",899
90,12,"walls",900
90,4,"walls",901
90,3,"walls",902
90,2,"walls",903
89,14,"walls",904
89,2,"walls",905
88,15,"walls",906
88,14,"walls",907
88,2,"walls",908
88,1,"walls",909
87,15,"walls",910
87,1,"walls",911
86,16,"walls",912
86,15,"walls",913
86,1,"walls",914
86,0,"walls",915
84,49,"walls",916
84,40,"walls",917
84,35,"walls",918
84,26,"walls",919
84,17,"walls",920
84,16,"walls",921
84,9,"walls",922
84,8,"doors",923
84,7,"walls",924
84,0,"walls",925
83,40,"walls",926
83,35,"walls",927
83,26,"walls",928
83,17,"walls",929
83,16,"walls",930
82,40,"walls",931
82,35,"walls",932
82,26,"walls",933
82,17,"walls",934
82,16,"walls",935
82,5,"walls",936
81,40,"walls",937
81,35,"walls",938
81,26,"walls",939
81,17,"walls",940
81,16,"walls",941
81,5,"walls",942
80,41,"walls",943
80,40,"walls",944
80,35,"walls",945
80,34,"walls",946
80,26,"walls",947
80,23,"walls",948
80,17,"walls",949
80,16,"walls",950
80,15,"walls",951
80,5,"walls",952
80,4,"walls",953
80,3,"walls",954
80,2,"walls",955
79,42,"walls",956
79,40,"walls",957
79,35,"walls",958
79,33,"walls",959
79,26,"walls",960
79,23,"walls",961
79,17,"walls",962
79,16,"walls",963
78,45,"walls",964
78,44,"walls",965
78,43,"walls",966
78,42,"walls",967
78,41,"walls",968
78,40,"walls",969
78,35,"walls",970
78,34,"walls",971
78,33,"walls",972
78,32,"walls",973
78,31,"walls",974
78,30,"walls",975
78,26,"walls",976
78,23,"walls",977
78,17,"walls",978
78,16,"walls",979
78,15,"walls",980
77,40,"walls",981
77,35,"walls",982
77,26,"walls",983
77,23,"walls",984
77,22,"walls",985
77,17,"walls",986
77,16,"walls",987
76,40,"doors",988
76,35,"doors",989
76,26,"walls",990
76,23,"walls",991
76,21,"walls",992
76,17,"walls",993
76,16,"walls",994
75,49,"walls",995
75,48,"walls",996
75,47,"walls",997
75,46,"walls",998
75,45,"walls",999
75,44,"walls",1000
75,43,"walls",1001
75,42,"walls",1002
75,41,"walls",1003
75,40,"walls",1004
75,35,"walls",1005
75,34,"walls",1006
75,33,"walls",1007
75,32,"walls",1008
75,31,"walls",1009
75,30,"walls",1010
75,29,"walls",1011
75,28,"walls",1012
75,27,"walls",1013
75,26,"walls",1014
75,25,"doors",1015
75,24,"walls",1016
75,23,"walls",1017
75,22,"walls",1018
75,21,"walls",1019
75,20,"walls",1020
75,19,"walls",1021
75,18,"walls",1022
75,17,"walls",1023
75,16,"walls",1024
75,15,"walls",1025
75,14,"walls",1026
75,13,"walls",1027
75,12,"walls",1028
75,11,"walls",1029
75,10,"walls",1030
75,9,"walls",1031
75,8,"walls",1032
74,40,"walls",1033
74,8,"walls",1034
74,7,"walls",1035
73,40,"walls",1036
73,8,"walls",1037
73,6,"walls",1038
72,40,"walls",1039
72,8,"walls",1040
72,7,"walls",1041
72,6,"walls",1042
72,5,"walls",1043
72,4,"walls",1044
71,41,"walls",1045
71,40,"walls",1046
70,42,"walls",1047
70,40,"walls",1048
70,35,"walls",1049
70,17,"walls",1050
70,16,"doors",1051
70,15,"doors",1052
70,14,"walls",1053
70,13,"walls",1054
70,8,"doors",1055
69,45,"walls",1056
69,44,"walls",1057
69,43,"walls",1058
69,42,"walls",1059
69,41,"walls",1060
69,40,"walls",1061
69,35,"walls",1062
69,33,"walls",1063
69,8,"doors",1064
68,40,"walls",1065
68,35,"walls",1066
68,34,"walls",1067
68,8,"walls",1068
68,7,"walls",1069
68,6,"walls",1070
68,5,"walls",1071
68,4,"walls",1072
68,3,"walls",1073
68,2,"walls",1074
68,1,"walls",1075
68,0,"walls",1076
67,40,"doors",1077
67,35,"walls",1078
67,8,"walls",1079
66,49,"walls",1080
66,48,"walls",1081
66,47,"walls",1082
66,46,"walls",1083
66,45,"walls",1084
66,44,"walls",1085
66,43,"walls",1086
66,42,"walls",1087
66,41,"walls",1088
66,40,"walls",1089
66,35,"walls",1090
66,8,"walls",1091
65,40,"walls",1092
65,35,"walls",1093
65,8,"walls",1094
64,40,"walls",1095
64,35,"walls",1096
64,8,"walls",1097
63,40,"walls",1098
63,35,"walls",1099
63,14,"walls",1100
63,8,"walls",1101
62,41,"walls",1102
62,40,"walls",1103
62,35,"walls",1104
62,15,"walls",1105
62,8,"walls",1106
61,42,"walls",1107
61,40,"walls",1108
61,35,"walls",1109
61,34,"walls",1110
61,33,"doors",1111
61,32,"doors",1112
61,31,"walls",1113
61,14,"walls",1114
61,13,"walls",1115
61,8,"walls",1116
60,45,"walls",1117
60,44,"walls",1118
60,43,"walls",1119
60,42,"walls",1120
60,41,"walls",1121
60,40,"walls",1122
60,8,"walls",1123
59,40,"walls",1124
59,8,"walls",1125
58,40,"doors",1126
58,8,"walls",1127
58,7,"walls",1128
57,49,"walls",1129
57,48,"walls",1130
57,47,"walls",1131
57,46,"walls",1132
57,45,"walls",1133
57,44,"walls",1134
57,43,"walls",1135
57,42,"walls",1136
57,41,"walls",1137
57,40,"walls",1138
57,8,"walls",1139
57,6,"walls",1140
56,40,"walls",1141
56,35,"walls",1142
56,34,"walls",1143
56,33,"walls",1144
56,32,"walls",1145
56,31,"walls",1146
56,30,"walls",1147
56,29,"walls",1148
56,28,"walls",1149
56,27,"walls",1150
56,26,"doors",1151
56,25,"doors",1152
56,24,"walls",1153
56,23,"doors",1154
56,22,"doors",1155
56,21,"walls",1156
56,20,"walls",1157
56,19,"walls",1158
56,18,"walls",1159
56,17,"walls",1160
56,16,"walls",1161
56,15,"walls",1162
56,14,"walls",1163
56,13,"walls",1164
56,8,"walls",1165
56,7,"walls",1166
56,6,"walls",1167
56,5,"walls",1168
56,4,"walls",1169
55,40,"walls",1170
55,35,"walls",1171
55,33,"walls",1172
55,24,"walls",1173
55,15,"walls",1174
55,13,"walls",1175
54,40,"walls",1176
54,35,"walls",1177
54,34,"walls",1178
54,24,"walls",1179
54,14,"walls",1180
54,13,"walls",1181
54,8,"doors",1182
53,41,"walls",1183
53,40,"walls",1184
53,35,"walls",1185
53,24,"walls",1186
53,13,"walls",1187
53,8,"walls",1188
53,7,"walls",1189
53,6,"walls",1190
53,5,"walls",1191
53,4,"walls",1192
53,3,"walls",1193
53,2,"walls",1194
53,1,"walls",1195
53,0,"walls",1196
52,42,"walls",1197
52,40,"walls",1198
52,35,"walls",1199
52,24,"walls",1200
52,13,"walls",1201
52,8,"walls",1202
51,45,"walls",1203
51,44,"walls",1204
51,43,"walls",1205
51,42,"walls",1206
51,41,"walls",1207
51,40,"walls",1208
51,35,"walls",1209
51,24,"walls",1210
51,13,"walls",1211
51,8,"walls",1212
50,40,"walls",1213
50,35,"walls",1214
50,24,"walls",1215
50,13,"walls",1216
50,8,"walls",1217
49,40,"doors",1218
49,35,"walls",1219
49,24,"walls",1220
49,13,"walls",1221
49,8,"walls",1222
48,49,"walls",1223
48,48,"walls",1224
48,47,"walls",1225
48,46,"walls",1226
48,45,"walls",1227
48,44,"walls",1228
48,43,"walls",1229
48,42,"walls",1230
48,41,"walls",1231
48,40,"walls",1232
48,35,"walls",1233
48,24,"walls",1234
48,13,"walls",1235
48,8,"walls",1236
47,40,"walls",1237
47,35,"walls",1238
47,34,"walls",1239
47,33,"walls",1240
47,32,"walls",1241
47,31,"walls",1242
47,30,"walls",1243
47,29,"walls",1244
47,28,"walls",1245
47,27,"walls",1246
47,26,"walls",1247
47,25,"walls",1248
47,24,"walls",1249
47,23,"walls",1250
47,22,"walls",1251
47,21,"walls",1252
47,20,"walls",1253
47,19,"walls",1254
47,18,"walls",1255
47,17,"walls",1256
47,16,"walls",1257
47,15,"walls",1258
47,14,"walls",1259
47,13,"walls",1260
47,8,"walls",1261
46,40,"walls",1262
46,35,"walls",1263
46,34,"walls",1264
46,33,"walls",1265
46,32,"walls",1266
46,31,"walls",1267
46,30,"walls",1268
46,29,"walls",1269
46,28,"walls",1270
46,27,"walls",1271
46,26,"walls",1272
46,25,"walls",1273
46,24,"walls",1274
46,23,"walls",1275
46,22,"walls",1276
46,21,"walls",1277
46,20,"walls",1278
46,19,"walls",1279
46,18,"walls",1280
46,17,"walls",1281
46,16,"walls",1282
46,15,"walls",1283
46,14,"walls",1284
46,13,"walls",1285
46,8,"walls",1286
45,40,"walls",1287
45,35,"walls",1288
45,26,"walls",1289
45,17,"walls",1290
45,13,"walls",1291
45,8,"walls",1292
44,41,"walls",1293
44,40,"walls",1294
44,35,"walls",1295
44,26,"walls",1296
44,17,"walls",1297
44,13,"walls",1298
44,8,"walls",1299
43,42,"walls",1300
43,40,"walls",1301
43,35,"walls",1302
43,34,"walls",1303
43,33,"doors",1304
43,32,"walls",1305
43,31,"walls",1306
43,30,"walls",1307
43,29,"doors",1308
43,28,"walls",1309
43,26,"walls",1310
43,25,"walls",1311
43,24,"doors",1312
43,23,"walls",1313
43,22,"walls",1314
43,21,"walls",1315
43,20,"doors",1316
43,19,"walls",1317
43,17,"walls",1318
43,13,"walls",1319
43,8,"walls",1320
42,45,"walls",1321
42,44,"walls",1322
42,43,"walls",1323
42,42,"walls",1324
42,41,"walls",1325
42,40,"walls",1326
42,35,"walls",1327
42,32,"walls",1328
42,31,"walls",1329
42,28,"walls",1330
42,26,"walls",1331
42,23,"walls",1332
42,22,"walls",1333
42,19,"walls",1334
42,17,"walls",1335
42,13,"walls",1336
42,8,"walls",1337
41,40,"walls",1338
41,35,"walls",1339
41,32,"walls",1340
41,31,"walls",1341
41,28,"walls",1342
41,26,"walls",1343
41,23,"walls",1344
41,22,"walls",1345
41,19,"walls",1346
41,17,"walls",1347
41,16,"walls",1348
41,13,"doors",1349
41,8,"walls",1350
41,7,"walls",1351
40,40,"doors",1352
40,35,"walls",1353
40,32,"walls",1354
40,31,"walls",1355
40,28,"walls",1356
40,26,"walls",1357
40,23,"walls",1358
40,22,"walls",1359
40,19,"walls",1360
40,17,"walls",1361
40,15,"walls",1362
40,14,"walls",1363
40,13,"walls",1364
40,8,"walls",1365
40,6,"walls",1366
39,49,"walls",1367
39,48,"walls",1368
39,47,"walls",1369
39,46,"walls",1370
39,45,"walls",1371
39,44,"walls",1372
39,43,"walls",1373
39,42,"walls",1374
39,41,"walls",1375
39,40,"walls",1376
39,35,"walls",1377
39,34,"walls",1378
39,33,"walls",1379
39,32,"walls",1380
39,31,"walls",1381
39,30,"walls",1382
39,29,"walls",1383
39,28,"walls",1384
39,27,"doors",1385
39,26,"walls",1386
39,25,"walls",1387
39,24,"walls",1388
39,23,"walls",1389
39,22,"walls",1390
39,21,"walls",1391
39,20,"walls",1392
39,19,"walls",1393
39,18,"doors",1394
39,17,"walls",1395
39,16,"walls",1396
39,15,"walls",1397
39,14,"walls",1398
39,13,"walls",1399
39,8,"walls",1400
39,7,"walls",1401
39,6,"walls",1402
39,5,"walls",1403
39,4,"walls",1404
38,40,"walls",1405
37,40,"walls",1406
37,8,"doors",1407
36,40,"walls",1408
36,8,"walls",1409
36,7,"walls",1410
36,6,"walls",1411
36,5,"walls",1412
36,4,"walls",1413
36,3,"walls",1414
36,2,"walls",1415
36,1,"walls",1416
36,0,"walls",1417
35,41,"walls",1418
35,40,"walls",1419
35,8,"walls",1420
34,42,"walls",1421
34,40,"walls",1422
34,8,"walls",1423
33,45,"walls",1424
33,44,"walls",1425
33,43,"walls",1426
33,42,"walls",1427
33,41,"walls",1428
33,40,"walls",1429
32,40,"walls",1430
31,40,"doors",1431
31,32,"walls",1432
31,28,"walls",1433
31,24,"walls",1434
31,20,"walls",1435
31,16,"walls",1436
30,49,"walls",1437
30,48,"walls",1438
30,47,"walls",1439
30,46,"walls",1440
30,45,"walls",1441
30,44,"walls",1442
30,43,"walls",1443
30,42,"walls",1444
30,41,"walls",1445
30,40,"walls",1446
30,32,"walls",1447
30,28,"walls",1448
30,24,"walls",1449
30,20,"walls",1450
30,16,"walls",1451
29,40,"walls",1452
29,32,"walls",1453
29,31,"walls",1454
29,30,"walls",1455
29,29,"walls",1456
29,28,"walls",1457
29,27,"walls",1458
29,26,"walls",1459
29,25,"walls",1460
29,24,"walls",1461
29,23,"walls",1462
29,22,"walls",1463
29,21,"walls",1464
29,20,"walls",1465
29,19,"walls",1466
29,18,"walls",1467
29,17,"walls",1468
29,16,"walls",1469
29,8,"walls",1470
28,40,"walls",1471
28,32,"walls",1472
28,28,"walls",1473
28,24,"walls",1474
28,20,"walls",1475
28,16,"walls",1476
28,8,"walls",1477
27,40,"walls",1478
27,32,"walls",1479
27,28,"walls",1480
27,24,"walls",1481
27,20,"walls",1482
27,16,"walls",1483
27,8,"walls",1484
27,7,"walls",1485
27,6,"walls",1486
27,5,"walls",1487
27,4,"walls",1488
27,3,"walls",1489
27,2,"walls",1490
27,1,"walls",1491
27,0,"walls",1492
26,41,"walls",1493
26,40,"walls",1494
26,8,"walls",1495
26,0,"walls",1496
25,42,"walls",1497
25,40,"walls",1498
25,35,"doors",1499
25,13,"doors",1500
25,8,"doors",1501
25,0,"walls",1502
24,45,"walls",1503
24,44,"walls",1504
24,43,"walls",1505
24,42,"walls",1506
24,41,"walls",1507
24,40,"walls",1508
24,8,"walls",1509
24,0,"walls",1510
23,40,"walls",1511
23,32,"walls",1512
23,28,"walls",1513
23,24,"walls",1514
23,20,"walls",1515
23,16,"walls",1516
23,8,"walls",1517
23,0,"walls",1518
22,40,"doors",1519
22,32,"walls",1520
22,28,"walls",1521
22,24,"walls",1522
22,20,"walls",1523
22,16,"walls",1524
21,49,"walls",1525
21,48,"walls",1526
21,47,"walls",1527
21,46,"walls",1528
21,45,"walls",1529
21,44,"walls",1530
21,43,"walls",1531
21,42,"walls",1532
21,41,"walls",1533
21,40,"walls",1534
21,32,"walls",1535
21,31,"walls",1536
21,30,"walls",1537
21,29,"walls",1538
21,28,"walls",1539
21,27,"walls",1540
21,26,"walls",1541
21,25,"walls",1542
21,24,"walls",1543
21,23,"walls",1544
21,22,"walls",1545
21,21,"walls",1546
21,20,"walls",1547
21,19,"walls",1548
21,18,"walls",1549
21,17,"walls",1550
21,16,"walls",1551
21,7,"walls",1552
20,40,"walls",1553
20,32,"walls",1554
20,28,"walls",1555
20,24,"walls",1556
20,20,"walls",1557
20,16,"walls",1558
19,40,"walls",1559
19,32,"walls",1560
19,28,"walls",1561
19,24,"walls",1562
19,20,"walls",1563
19,16,"walls",1564
19,7,"walls",1565
18,40,"walls",1566
17,41,"walls",1567
17,40,"walls",1568
17,11,"walls",1569
17,7,"walls",1570
16,42,"walls",1571
16,40,"walls",1572
16,35,"walls",1573
16,13,"walls",1574
16,12,"walls",1575
16,11,"walls",1576
16,7,"walls",1577
16,6,"walls",1578
16,5,"doors",1579
16,4,"doors",1580
16,3,"walls",1581
16,2,"doors",1582
16,1,"doors",1583
16,0,"walls",1584
15,45,"walls",1585
15,44,"walls",1586
15,43,"walls",1587
15,42,"walls",1588
15,41,"walls",1589
15,40,"walls",1590
15,6,"walls",1591
15,0,"walls",1592
14,40,"walls",1593
14,6,"walls",1594
14,0,"walls",1595
13,40,"doors",1596
13,6,"walls",1597
13,0,"walls",1598
12,49,"walls",1599
12,48,"walls",1600
12,47,"walls",1601
12,46,"walls",1602
12,45,"walls",1603
12,44,"walls",1604
12,43,"walls",1605
12,42,"walls",1606
12,41,"walls",1607
12,40,"walls",1608
12,6,"walls",1609
12,0,"walls",1610
11,40,"walls",1611
11,6,"walls",1612
11,0,"walls",1613
10,40,"walls",1614
10,6,"walls",1615
10,0,"walls",1616
9,40,"walls",1617
9,6,"walls",1618
9,0,"walls",1619
8,41,"walls",1620
8,40,"walls",1621
8,6,"walls",1622
8,0,"walls",1623
7,42,"walls",1624
7,40,"walls",1625
7,6,"walls",1626
7,0,"walls",1627
6,45,"walls",1628
6,44,"walls",1629
6,43,"walls",1630
6,42,"walls",1631
6,41,"walls",1632
6,40,"walls",1633
6,25,"walls",1634
6,24,"walls",1635
6,23,"walls",1636
6,22,"walls",1637
6,21,"walls",1638
6,20,"walls",1639
6,19,"walls",1640
6,18,"walls",1641
6,17,"walls",1642
6,16,"walls",1643
6,15,"walls",1644
6,14,"walls",1645
6,13,"walls",1646
6,12,"walls",1647
6,11,"walls",1648
6,10,"walls",1649
6,9,"walls",1650
6,8,"walls",1651
6,7,"walls",1652
6,6,"walls",1653
6,0,"walls",1654
5,40,"walls",1655
5,27,"walls",1656
5,26,"walls",1657
5,0,"walls",1658
4,40,"doors",1659
4,28,"walls",1660
4,0,"walls",1661
3,49,"walls",1662
3,40,"walls",1663
3,35,"walls",1664
3,31,"walls",1665
3,30,"walls",1666
3,29,"walls",1667
3,0,"walls",1668
2,49,"walls",1669
2,34,"walls",1670
2,33,"walls",1671
2,32,"walls",1672
2,0,"walls",1673
1,49,"walls",1674
1,0,"walls",1675
0,49,"walls",1676
0,0,"walls",1677
84,49,"walls",1756
84,48,"walls",1757
84,47,"walls",1758
84,46,"walls",1759
84,45,"walls",1760
84,44,"walls",1761
84,43,"walls",1762
84,42,"walls",1763
84,41,"walls",1764
84,40,"walls",1765
84,39,"walls",1766
84,38,"walls",1767
84,37,"walls",1768
84,36,"walls",1769
84,35,"walls",1770
84,34,"walls",1771
84,33,"walls",1772
84,32,"walls",1773
84,31,"walls",1774
84,30,"walls",1775
84,29,"walls",1776
84,28,"walls",1777
84,27,"walls",1778
84,26,"walls",1779
84,25,"walls",1780
84,24,"walls",1781
84,23,"walls",1782
84,22,"walls",1783
84,21,"walls",1784
84,20,"walls",1785
84,19,"walls",1786
84,18,"walls",1787
84,17,"walls",1788
84,16,"walls",1789
84,15,"walls",1790
84,14,"walls",1791
84,13,"walls",1792
84,12,"walls",1793
84,11,"walls",1794
84,10,"walls",1795
84,9,"walls",1796
84,8,"doors",1797
84,7,"walls",1798
84,6,"walls",1799
84,5,"walls",1800
84,4,"walls",1801
84,3,"walls",1802
84,2,"walls",1803
84,1,"walls",1804
84,0,"walls",1805
83,49,"walls",1806
83,46,"stairs",1807
83,44,"stairs",1808
83,40,"walls",1809
83,35,"walls",1810
83,31,"stairs",1811
83,29,"stairs",1812
83,26,"walls",1813
83,20,"stairs",1814
83,19,"stairs",1815
83,18,"stairs",1816
83,17,"walls",1817
83,16,"walls",1818
83,0,"walls",1819
82,49,"walls",1820
82,46,"stairs",1821
82,44,"stairs",1822
82,40,"walls",1823
82,35,"walls",1824
82,31,"stairs",1825
82,29,"stairs",1826
82,26,"walls",1827
82,17,"walls",1828
82,16,"walls",1829
82,5,"walls",1830
82,0,"walls",1831
81,49,"walls",1832
81,46,"stairs",1833
81,44,"stairs",1834
81,40,"walls",1835
81,35,"walls",1836
81,31,"stairs",1837
81,29,"stairs",1838
81,26,"walls",1839
81,17,"walls",1840
81,16,"walls",1841
81,11,"stairs",1842
81,9,"stairs",1843
81,5,"walls",1844
81,0,"walls",1845
80,49,"walls",1846
80,41,"walls",1847
80,40,"walls",1848
80,35,"walls",1849
80,34,"walls",1850
80,26,"walls",1851
80,23,"walls",1852
80,17,"walls",1853
80,16,"walls",1854
80,11,"stairs",1855
80,9,"stairs",1856
80,5,"walls",1857
80,4,"walls",1858
80,3,"walls",1859
80,2,"walls",1860
80,0,"walls",1861
79,49,"walls",1862
79,42,"walls",1863
79,40,"walls",1864
79,35,"walls",1865
79,33,"walls",1866
79,26,"walls",1867
79,23,"walls",1868
79,17,"walls",1869
79,16,"walls",1870
79,11,"stairs",1871
79,9,"stairs",1872
79,0,"walls",1873
78,49,"walls",1874
78,45,"walls",1875
78,44,"walls",1876
78,43,"walls",1877
78,42,"walls",1878
78,41,"walls",1879
78,40,"walls",1880
78,35,"walls",1881
78,34,"walls",1882
78,33,"walls",1883
78,32,"walls",1884
78,31,"walls",1885
78,30,"walls",1886
78,26,"walls",1887
78,23,"walls",1888
78,17,"walls",1889
78,16,"walls",1890
78,11,"stairs",1891
78,9,"stairs",1892
78,0,"walls",1893
77,49,"walls",1894
77,40,"walls",1895
77,35,"walls",1896
77,26,"walls",1897
77,23,"walls",1898
77,22,"walls",1899
77,17,"walls",1900
77,16,"walls",1901
77,0,"walls",1902
76,49,"walls",1903
76,40,"doors",1904
76,35,"doors",1905
76,26,"walls",1906
76,23,"walls",1907
76,21,"walls",1908
76,17,"walls",1909
76,16,"walls",1910
76,0,"walls",1911
75,49,"walls",1912
75,48,"walls",1913
75,47,"walls",1914
75,46,"walls",1915
75,45,"walls",1916
75,44,"walls",1917
75,43,"walls",1918
75,42,"walls",1919
75,41,"walls",1920
75,40,"walls",1921
75,35,"walls",1922
75,34,"walls",1923
75,33,"walls",1924
75,32,"walls",1925
75,31,"walls",1926
75,30,"walls",1927
75,29,"walls",1928
75,28,"walls",1929
75,27,"walls",1930
75,26,"walls",1931
75,25,"doors",1932
75,24,"walls",1933
75,23,"walls",1934
75,22,"walls",1935
75,21,"walls",1936
75,20,"walls",1937
75,19,"walls",1938
75,18,"walls",1939
75,17,"walls",1940
75,16,"walls",1941
75,15,"walls",1942
75,14,"walls",1943
75,13,"walls",1944
75,12,"walls",1945
75,11,"walls",1946
75,10,"walls",1947
75,9,"walls",1948
75,8,"walls",1949
75,0,"walls",1950
74,49,"walls",1951
74,46,"stairs",1952
74,44,"stairs",1953
74,40,"walls",1954
74,8,"walls",1955
74,7,"walls",1956
74,0,"walls",1957
73,49,"walls",1958
73,46,"stairs",1959
73,44,"stairs",1960
73,40,"walls",1961
73,8,"walls",1962
73,6,"walls",1963
73,0,"walls",1964
72,49,"walls",1965
72,46,"stairs",1966
72,44,"stairs",1967
72,40,"walls",1968
72,8,"walls",1969
72,7,"walls",1970
72,6,"walls",1971
72,5,"walls",1972
72,4,"walls",1973
72,0,"walls",1974
71,49,"walls",1975
71,41,"walls",1976
71,40,"walls",1977
71,0,"walls",1978
70,49,"walls",1979
70,42,"walls",1980
70,40,"walls",1981
70,35,"walls",1982
70,34,"walls",1983
70,33,"walls",1984
70,32,"walls",1985
70,31,"walls",1986
70,30,"walls",1987
70,29,"walls",1988
70,28,"walls",1989
70,27,"walls",1990
70,26,"walls",1991
70,25,"walls",1992
70,24,"walls",1993
70,23,"walls",1994
70,22,"walls",1995
70,21,"walls",1996
70,20,"walls",1997
70,19,"walls",1998
70,18,"walls",1999
70,17,"walls",2000
70,16,"doors",2001
70,15,"doors",2002
70,14,"walls",2003
70,13,"walls",2004
70,8,"doors",2005
70,0,"walls",2006
69,49,"walls",2007
69,45,"walls",2008
69,44,"walls",2009
69,43,"walls",2010
69,42,"walls",2011
69,41,"walls",2012
69,40,"walls",2013
69,35,"walls",2014
69,33,"walls",2015
69,13,"walls",2016
69,8,"doors",2017
69,0,"walls",2018
68,49,"walls",2019
68,40,"walls",2020
68,35,"walls",2021
68,34,"walls",2022
68,29,"stairs",2023
68,27,"stairs",2024
68,25,"stairs",2025
68,23,"stairs",2026
68,21,"stairs",2027
68,19,"stairs",2028
68,13,"walls",2029
68,8,"walls",2030
68,7,"walls",2031
68,6,"walls",2032
68,5,"walls",2033
68,4,"walls",2034
68,3,"walls",2035
68,2,"walls",2036
68,1,"walls",2037
68,0,"walls",2038
67,49,"walls",2039
67,40,"doors",2040
67,35,"walls",2041
67,29,"stairs",2042
67,28,"stairs",2043
67,27,"stairs",2044
67,26,"stairs",2045
67,25,"stairs",2046
67,24,"stairs",2047
67,23,"stairs",2048
67,22,"stairs",2049
67,21,"stairs",2050
67,20,"stairs",2051
67,19,"stairs",2052
67,13,"walls",2053
67,8,"walls",2054
67,0,"walls",2055
66,49,"walls",2056
66,48,"walls",2057
66,47,"walls",2058
66,46,"walls",2059
66,45,"walls",2060
66,44,"walls",2061
66,43,"walls",2062
66,42,"walls",2063
66,41,"walls",2064
66,40,"walls",2065
66,35,"walls",2066
66,13,"walls",2067
66,8,"walls",2068
66,0,"walls",2069
65,49,"walls",2070
65,46,"stairs",2071
65,44,"stairs",2072
65,40,"walls",2073
65,35,"walls",2074
65,13,"walls",2075
65,8,"walls",2076
65,3,"stairs",2077
65,2,"stairs",2078
65,1,"stairs",2079
65,0,"walls",2080
64,49,"walls",2081
64,46,"stairs",2082
64,44,"stairs",2083
64,40,"walls",2084
64,35,"walls",2085
64,29,"stairs",2086
64,28,"stairs",2087
64,27,"stairs",2088
64,26,"stairs",2089
64,25,"stairs",2090
64,24,"stairs",2091
64,23,"stairs",2092
64,22,"stairs",2093
64,21,"stairs",2094
64,20,"stairs",2095
64,19,"stairs",2096
64,13,"walls",2097
64,8,"walls",2098
64,0,"walls",2099
63,49,"walls",2100
63,40,"walls",2101
63,35,"walls",2102
63,29,"stairs",2103
63,27,"stairs",2104
63,25,"stairs",2105
63,23,"stairs",2106
63,21,"stairs",2107
63,19,"stairs",2108
63,14,"walls",2109
63,13,"walls",2110
63,8,"walls",2111
63,3,"stairs",2112
63,2,"stairs",2113
63,1,"stairs",2114
63,0,"walls",2115
62,49,"walls",2116
62,41,"walls",2117
62,40,"walls",2118
62,35,"walls",2119
62,15,"walls",2120
62,13,"walls",2121
62,8,"walls",2122
62,0,"walls",2123
61,49,"walls",2124
61,42,"walls",2125
61,40,"walls",2126
61,35,"walls",2127
61,34,"walls",2128
61,33,"doors",2129
61,32,"doors",2130
61,31,"walls",2131
61,30,"walls",2132
61,29,"walls",2133
61,28,"walls",2134
61,27,"walls",2135
61,26,"walls",2136
61,25,"walls",2137
61,24,"walls",2138
61,23,"walls",2139
61,22,"walls",2140
61,21,"walls",2141
61,20,"walls",2142
61,19,"walls",2143
61,18,"walls",2144
61,17,"walls",2145
61,16,"walls",2146
61,15,"walls",2147
61,14,"walls",2148
61,13,"walls",2149
61,8,"walls",2150
61,0,"walls",2151
60,49,"walls",2152
60,45,"walls",2153
60,44,"walls",2154
60,43,"walls",2155
60,42,"walls",2156
60,41,"walls",2157
60,40,"walls",2158
60,8,"walls",2159
60,0,"walls",2160
59,49,"walls",2161
59,40,"walls",2162
59,8,"walls",2163
59,0,"walls",2164
58,49,"walls",2165
58,40,"doors",2166
58,8,"walls",2167
58,7,"walls",2168
58,0,"walls",2169
57,49,"walls",2170
57,48,"walls",2171
57,47,"walls",2172
57,46,"walls",2173
57,45,"walls",2174
57,44,"walls",2175
57,43,"walls",2176
57,42,"walls",2177
57,41,"walls",2178
57,40,"walls",2179
57,8,"walls",2180
57,6,"walls",2181
57,0,"walls",2182
56,49,"walls",2183
56,46,"stairs",2184
56,44,"stairs",2185
56,40,"walls",2186
56,35,"walls",2187
56,34,"walls",2188
56,33,"walls",2189
56,32,"walls",2190
56,31,"walls",2191
56,30,"walls",2192
56,29,"walls",2193
56,28,"walls",2194
56,27,"walls",2195
56,26,"doors",2196
56,25,"doors",2197
56,24,"walls",2198
56,23,"doors",2199
56,22,"doors",2200
56,21,"walls",2201
56,20,"walls",2202
56,19,"walls",2203
56,18,"walls",2204
56,17,"walls",2205
56,16,"walls",2206
56,15,"walls",2207
56,14,"walls",2208
56,13,"walls",2209
56,8,"walls",2210
56,7,"walls",2211
56,6,"walls",2212
56,5,"walls",2213
56,4,"walls",2214
56,0,"walls",2215
55,49,"walls",2216
55,46,"stairs",2217
55,44,"stairs",2218
55,40,"walls",2219
55,35,"walls",2220
55,33,"walls",2221
55,24,"walls",2222
55,15,"walls",2223
55,13,"walls",2224
55,0,"walls",2225
54,49,"walls",2226
54,46,"stairs",2227
54,44,"stairs",2228
54,40,"walls",2229
54,35,"walls",2230
54,34,"walls",2231
54,24,"walls",2232
54,14,"walls",2233
54,13,"walls",2234
54,8,"doors",2235
54,0,"walls",2236
53,49,"walls",2237
53,41,"walls",2238
53,40,"walls",2239
53,35,"walls",2240
53,31,"stairs",2241
53,30,"stairs",2242
53,29,"stairs",2243
53,28,"stairs",2244
53,24,"walls",2245
53,20,"stairs",2246
53,19,"stairs",2247
53,18,"stairs",2248
53,17,"stairs",2249
53,13,"walls",2250
53,8,"walls",2251
53,7,"walls",2252
53,6,"walls",2253
53,5,"walls",2254
53,4,"walls",2255
53,3,"walls",2256
53,2,"walls",2257
53,1,"walls",2258
53,0,"walls",2259
52,49,"walls",2260
52,42,"walls",2261
52,40,"walls",2262
52,35,"walls",2263
52,24,"walls",2264
52,16,"stairs",2265
52,13,"walls",2266
52,8,"walls",2267
52,0,"walls",2268
51,49,"walls",2269
51,45,"walls",2270
51,44,"walls",2271
51,43,"walls",2272
51,42,"walls",2273
51,41,"walls",2274
51,40,"walls",2275
51,35,"walls",2276
51,24,"walls",2277
51,16,"stairs",2278
51,13,"walls",2279
51,8,"walls",2280
51,0,"walls",2281
50,49,"walls",2282
50,40,"walls",2283
50,35,"walls",2284
50,31,"stairs",2285
50,30,"stairs",2286
50,29,"stairs",2287
50,28,"stairs",2288
50,24,"walls",2289
50,20,"stairs",2290
50,19,"stairs",2291
50,18,"stairs",2292
50,17,"stairs",2293
50,13,"walls",2294
50,8,"walls",2295
50,0,"walls",2296
49,49,"walls",2297
49,40,"doors",2298
49,35,"walls",2299
49,24,"walls",2300
49,13,"walls",2301
49,8,"walls",2302
49,3,"stairs",2303
49,0,"walls",2304
48,49,"walls",2305
48,48,"walls",2306
48,47,"walls",2307
48,46,"walls",2308
48,45,"walls",2309
48,44,"walls",2310
48,43,"walls",2311
48,42,"walls",2312
48,41,"walls",2313
48,40,"walls",2314
48,35,"walls",2315
48,24,"walls",2316
48,13,"walls",2317
48,8,"walls",2318
48,3,"stairs",2319
48,0,"walls",2320
47,49,"walls",2321
47,48,"stairs",2322
47,40,"walls",2323
47,35,"walls",2324
47,34,"walls",2325
47,33,"walls",2326
47,32,"walls",2327
47,31,"walls",2328
47,30,"walls",2329
47,29,"walls",2330
47,28,"walls",2331
47,27,"walls",2332
47,26,"walls",2333
47,25,"walls",2334
47,24,"walls",2335
47,23,"walls",2336
47,22,"walls",2337
47,21,"walls",2338
47,20,"walls",2339
47,19,"walls",2340
47,18,"walls",2341
47,17,"walls",2342
47,16,"walls",2343
47,15,"walls",2344
47,14,"walls",2345
47,13,"walls",2346
47,8,"walls",2347
47,3,"stairs",2348
47,0,"walls",2349
46,49,"walls",2350
46,48,"stairs",2351
46,40,"walls",2352
46,35,"walls",2353
46,34,"walls",2354
46,33,"walls",2355
46,32,"walls",2356
46,31,"walls",2357
46,30,"walls",2358
46,29,"walls",2359
46,28,"walls",2360
46,27,"walls",2361
46,26,"walls",2362
46,25,"walls",2363
46,24,"walls",2364
46,23,"walls",2365
46,22,"walls",2366
46,21,"walls",2367
46,20,"walls",2368
46,19,"walls",2369
46,18,"walls",2370
46,17,"walls",2371
46,16,"walls",2372
46,15,"walls",2373
46,14,"walls",2374
46,13,"walls",2375
46,8,"walls",2376
46,0,"walls",2377
45,49,"walls",2378
45,48,"stairs",2379
45,40,"walls",2380
45,35,"walls",2381
45,26,"walls",2382
45,17,"walls",2383
45,16,"walls",2384
45,13,"walls",2385
45,8,"walls",2386
45,0,"walls",2387
44,49,"walls",2388
44,48,"stairs",2389
44,41,"walls",2390
44,40,"walls",2391
44,35,"walls",2392
44,26,"walls",2393
44,17,"walls",2394
44,13,"walls",2395
44,8,"walls",2396
44,0,"walls",2397
43,49,"walls",2398
43,48,"stairs",2399
43,42,"walls",2400
43,40,"walls",2401
43,35,"walls",2402
43,34,"walls",2403
43,33,"doors",2404
43,32,"walls",2405
43,31,"walls",2406
43,30,"walls",2407
43,29,"doors",2408
43,28,"walls",2409
43,26,"walls",2410
43,25,"walls",2411
43,24,"doors",2412
43,23,"walls",2413
43,22,"walls",2414
43,21,"walls",2415
43,20,"doors",2416
43,19,"walls",2417
43,17,"walls",2418
43,13,"walls",2419
43,8,"walls",2420
43,0,"walls",2421
42,49,"walls",2422
42,45,"walls",2423
42,44,"walls",2424
42,43,"walls",2425
42,42,"walls",2426
42,41,"walls",2427
42,40,"walls",2428
42,35,"walls",2429
42,32,"walls",2430
42,31,"walls",2431
42,28,"walls",2432
42,26,"walls",2433
42,23,"walls",2434
42,22,"walls",2435
42,19,"walls",2436
42,17,"walls",2437
42,13,"walls",2438
42,8,"walls",2439
42,0,"walls",2440
41,49,"walls",2441
41,40,"walls",2442
41,35,"walls",2443
41,32,"walls",2444
41,31,"walls",2445
41,28,"walls",2446
41,26,"walls",2447
41,23,"walls",2448
41,22,"walls",2449
41,19,"walls",2450
41,17,"walls",2451
41,16,"walls",2452
41,13,"doors",2453
41,8,"walls",2454
41,7,"walls",2455
41,0,"walls",2456
40,49,"walls",2457
40,40,"doors",2458
40,35,"walls",2459
40,32,"walls",2460
40,31,"walls",2461
40,28,"walls",2462
40,26,"walls",2463
40,23,"walls",2464
40,22,"walls",2465
40,19,"walls",2466
40,17,"walls",2467
40,15,"walls",2468
40,14,"walls",2469
40,13,"walls",2470
40,8,"walls",2471
40,6,"walls",2472
40,0,"walls",2473
39,49,"walls",2474
39,48,"walls",2475
39,47,"walls",2476
39,46,"walls",2477
39,45,"walls",2478
39,44,"walls",2479
39,43,"walls",2480
39,42,"walls",2481
39,41,"walls",2482
39,40,"walls",2483
39,35,"walls",2484
39,34,"walls",2485
39,33,"walls",2486
39,32,"walls",2487
39,31,"walls",2488
39,30,"walls",2489
39,29,"walls",2490
39,28,"walls",2491
39,27,"doors",2492
39,26,"walls",2493
39,25,"walls",2494
39,24,"walls",2495
39,23,"walls",2496
39,22,"walls",2497
39,21,"walls",2498
39,20,"walls",2499
39,19,"walls",2500
39,18,"doors",2501
39,17,"walls",2502
39,16,"walls",2503
39,15,"walls",2504
39,14,"walls",2505
39,13,"walls",2506
39,8,"walls",2507
39,7,"walls",2508
39,6,"walls",2509
39,5,"walls",2510
39,4,"walls",2511
39,0,"walls",2512
38,49,"walls",2513
38,46,"stairs",2514
38,44,"stairs",2515
38,40,"walls",2516
38,0,"walls",2517
37,49,"walls",2518
37,46,"stairs",2519
37,44,"stairs",2520
37,40,"walls",2521
37,8,"doors",2522
37,0,"walls",2523
36,49,"walls",2524
36,46,"stairs",2525
36,44,"stairs",2526
36,40,"walls",2527
36,8,"walls",2528
36,7,"walls",2529
36,6,"walls",2530
36,5,"walls",2531
36,4,"walls",2532
36,3,"walls",2533
36,2,"walls",2534
36,1,"walls",2535
36,0,"walls",2536
35,49,"walls",2537
35,41,"walls",2538
35,40,"walls",2539
35,8,"walls",2540
35,5,"stairs",2541
35,4,"stairs",2542
35,1,"stairs",2543
35,0,"walls",2544
34,49,"walls",2545
34,42,"walls",2546
34,40,"walls",2547
34,35,"walls",2548
34,34,"walls",2549
34,33,"walls",2550
34,32,"walls",2551
34,31,"walls",2552
34,30,"walls",2553
34,29,"walls",2554
34,28,"walls",2555
34,27,"walls",2556
34,26,"walls",2557
34,25,"walls",2558
34,24,"walls",2559
34,23,"walls",2560
34,22,"walls",2561
34,21,"walls",2562
34,20,"walls",2563
34,19,"walls",2564
34,18,"walls",2565
34,17,"walls",2566
34,16,"walls",2567
34,15,"walls",2568
34,14,"walls",2569
34,13,"walls",2570
34,8,"walls",2571
34,1,"stairs",2572
34,0,"walls",2573
33,49,"walls",2574
33,45,"walls",2575
33,44,"walls",2576
33,43,"walls",2577
33,42,"walls",2578
33,41,"walls",2579
33,40,"walls",2580
33,35,"walls",2581
33,13,"walls",2582
33,1,"stairs",2583
33,0,"walls",2584
32,49,"walls",2585
32,40,"walls",2586
32,35,"walls",2587
32,13,"walls",2588
32,0,"walls",2589
31,49,"walls",2590
31,40,"doors",2591
31,35,"walls",2592
31,32,"walls",2593
31,30,"stairs",2594
31,28,"walls",2595
31,26,"stairs",2596
31,24,"walls",2597
31,22,"stairs",2598
31,20,"walls",2599
31,18,"stairs",2600
31,16,"walls",2601
31,13,"walls",2602
31,0,"walls",2603
30,49,"walls",2604
30,48,"walls",2605
30,47,"walls",2606
30,46,"walls",2607
30,45,"walls",2608
30,44,"walls",2609
30,43,"walls",2610
30,42,"walls",2611
30,41,"walls",2612
30,40,"walls",2613
30,35,"walls",2614
30,32,"walls",2615
30,31,"stairs",2616
30,30,"stairs",2617
30,29,"stairs",2618
30,28,"walls",2619
30,27,"stairs",2620
30,26,"stairs",2621
30,25,"stairs",2622
30,24,"walls",2623
30,23,"stairs",2624
30,22,"stairs",2625
30,21,"stairs",2626
30,20,"walls",2627
30,19,"stairs",2628
30,18,"stairs",2629
30,17,"stairs",2630
30,16,"walls",2631
30,13,"walls",2632
30,1,"stairs",2633
30,0,"walls",2634
29,49,"walls",2635
29,46,"stairs",2636
29,44,"stairs",2637
29,40,"walls",2638
29,35,"walls",2639
29,32,"walls",2640
29,31,"walls",2641
29,30,"walls",2642
29,29,"walls",2643
29,28,"walls",2644
29,27,"walls",2645
29,26,"walls",2646
29,25,"walls",2647
29,24,"walls",2648
29,23,"walls",2649
29,22,"walls",2650
29,21,"walls",2651
29,20,"walls",2652
29,19,"walls",2653
29,18,"walls",2654
29,17,"walls",2655
29,16,"walls",2656
29,13,"walls",2657
29,8,"walls",2658
29,1,"stairs",2659
29,0,"walls",2660
28,49,"walls",2661
28,46,"stairs",2662
28,44,"stairs",2663
28,40,"walls",2664
28,35,"walls",2665
28,32,"walls",2666
28,30,"stairs",2667
28,29,"stairs",2668
28,28,"walls",2669
28,26,"stairs",2670
28,25,"stairs",2671
28,24,"walls",2672
28,23,"stairs",2673
28,22,"stairs",2674
28,20,"walls",2675
28,19,"stairs",2676
28,18,"stairs",2677
28,16,"walls",2678
28,13,"walls",2679
28,8,"walls",2680
28,5,"stairs",2681
28,4,"stairs",2682
28,1,"stairs",2683
28,0,"walls",2684
27,49,"walls",2685
27,46,"stairs",2686
27,44,"stairs",2687
27,40,"walls",2688
27,35,"walls",2689
27,32,"walls",2690
27,29,"stairs",2691
27,28,"walls",2692
27,25,"stairs",2693
27,24,"walls",2694
27,23,"stairs",2695
27,20,"walls",2696
27,19,"stairs",2697
27,16,"walls",2698
27,13,"walls",2699
27,8,"walls",2700
27,7,"walls",2701
27,6,"walls",2702
27,5,"walls",2703
27,4,"walls",2704
27,3,"walls",2705
27,2,"walls",2706
27,1,"walls",2707
27,0,"walls",2708
26,49,"walls",2709
26,41,"walls",2710
26,40,"walls",2711
26,35,"walls",2712
26,13,"walls",2713
26,8,"walls",2714
26,0,"walls",2715
25,49,"walls",2716
25,42,"walls",2717
25,40,"walls",2718
25,35,"doors",2719
25,13,"doors",2720
25,8,"doors",2721
25,0,"walls",2722
24,49,"walls",2723
24,45,"walls",2724
24,44,"walls",2725
24,43,"walls",2726
24,42,"walls",2727
24,41,"walls",2728
24,40,"walls",2729
24,35,"walls",2730
24,13,"walls",2731
24,8,"walls",2732
24,0,"walls",2733
23,49,"walls",2734
23,40,"walls",2735
23,35,"walls",2736
23,32,"walls",2737
23,31,"stairs",2738
23,28,"walls",2739
23,27,"stairs",2740
23,24,"walls",2741
23,21,"stairs",2742
23,20,"walls",2743
23,17,"stairs",2744
23,16,"walls",2745
23,13,"walls",2746
23,8,"walls",2747
23,7,"walls",2748
23,6,"walls",2749
23,5,"walls",2750
23,4,"walls",2751
23,3,"walls",2752
23,2,"walls",2753
23,1,"walls",2754
23,0,"walls",2755
22,49,"walls",2756
22,40,"doors",2757
22,35,"walls",2758
22,32,"walls",2759
22,31,"stairs",2760
22,30,"stairs",2761
22,28,"walls",2762
22,27,"stairs",2763
22,26,"stairs",2764
22,24,"walls",2765
22,22,"stairs",2766
22,21,"stairs",2767
22,20,"walls",2768
22,18,"stairs",2769
22,17,"stairs",2770
22,16,"walls",2771
22,13,"walls",2772
22,0,"walls",2773
21,49,"walls",2774
21,48,"walls",2775
21,47,"walls",2776
21,46,"walls",2777
21,45,"walls",2778
21,44,"walls",2779
21,43,"walls",2780
21,42,"walls",2781
21,41,"walls",2782
21,40,"walls",2783
21,35,"walls",2784
21,32,"walls",2785
21,31,"walls",2786
21,30,"walls",2787
21,29,"walls",2788
21,28,"walls",2789
21,27,"walls",2790
21,26,"walls",2791
21,25,"walls",2792
21,24,"walls",2793
21,23,"walls",2794
21,22,"walls",2795
21,21,"walls",2796
21,20,"walls",2797
21,19,"walls",2798
21,18,"walls",2799
21,17,"walls",2800
21,16,"walls",2801
21,13,"walls",2802
21,7,"walls",2803
21,0,"walls",2804
20,49,"walls",2805
20,46,"stairs",2806
20,40,"walls",2807
20,35,"walls",2808
20,32,"walls",2809
20,31,"stairs",2810
20,30,"stairs",2811
20,29,"stairs",2812
20,28,"walls",2813
20,27,"stairs",2814
20,26,"stairs",2815
20,25,"stairs",2816
20,24,"walls",2817
20,23,"stairs",2818
20,22,"stairs",2819
20,21,"stairs",2820
20,20,"walls",2821
20,19,"stairs",2822
20,18,"stairs",2823
20,17,"stairs",2824
20,16,"walls",2825
20,13,"walls",2826
20,0,"walls",2827
19,49,"walls",2828
19,46,"stairs",2829
19,40,"walls",2830
19,35,"walls",2831
19,32,"walls",2832
19,30,"stairs",2833
19,28,"walls",2834
19,26,"stairs",2835
19,24,"walls",2836
19,22,"stairs",2837
19,20,"walls",2838
19,18,"stairs",2839
19,16,"walls",2840
19,13,"walls",2841
19,7,"walls",2842
19,0,"walls",2843
18,49,"walls",2844
18,46,"stairs",2845
18,40,"walls",2846
18,35,"walls",2847
18,13,"walls",2848
18,12,"walls",2849
18,0,"walls",2850
17,49,"walls",2851
17,41,"walls",2852
17,40,"walls",2853
17,35,"walls",2854
17,13,"walls",2855
17,11,"walls",2856
17,7,"walls",2857
17,0,"walls",2858
16,49,"walls",2859
16,42,"walls",2860
16,40,"walls",2861
16,35,"walls",2862
16,34,"walls",2863
16,33,"walls",2864
16,32,"walls",2865
16,31,"walls",2866
16,30,"walls",2867
16,29,"walls",2868
16,28,"walls",2869
16,27,"walls",2870
16,26,"walls",2871
16,25,"walls",2872
16,24,"walls",2873
16,23,"walls",2874
16,22,"walls",2875
16,21,"walls",2876
16,20,"walls",2877
16,19,"walls",2878
16,18,"walls",2879
16,17,"walls",2880
16,16,"walls",2881
16,15,"walls",2882
16,14,"walls",2883
16,13,"walls",2884
16,12,"walls",2885
16,11,"walls",2886
16,10,"walls",2887
16,9,"walls",2888
16,8,"walls",2889
16,7,"walls",2890
16,6,"walls",2891
16,5,"doors",2892
16,4,"doors",2893
16,3,"walls",2894
16,2,"doors",2895
16,1,"doors",2896
16,0,"walls",2897
15,49,"walls",2898
15,45,"walls",2899
15,44,"walls",2900
15,43,"walls",2901
15,42,"walls",2902
15,41,"walls",2903
15,40,"walls",2904
15,35,"walls",2905
15,3,"walls",2906
15,0,"walls",2907
14,49,"walls",2908
14,40,"walls",2909
14,35,"walls",2910
14,21,"walls",2911
14,3,"walls",2912
14,0,"walls",2913
13,49,"walls",2914
13,40,"doors",2915
13,35,"walls",2916
13,21,"walls",2917
13,3,"walls",2918
13,0,"walls",2919
12,49,"walls",2920
12,48,"walls",2921
12,47,"walls",2922
12,46,"walls",2923
12,45,"walls",2924
12,44,"walls",2925
12,43,"walls",2926
12,42,"walls",2927
12,41,"walls",2928
12,40,"walls",2929
12,35,"walls",2930
12,22,"walls",2931
12,3,"walls",2932
12,0,"walls",2933
11,49,"walls",2934
11,46,"stairs",2935
11,44,"stairs",2936
11,40,"walls",2937
11,35,"walls",2938
11,22,"walls",2939
11,3,"walls",2940
11,0,"walls",2941
10,49,"walls",2942
10,46,"stairs",2943
10,44,"stairs",2944
10,40,"walls",2945
10,35,"walls",2946
10,22,"walls",2947
10,3,"walls",2948
10,0,"walls",2949
9,49,"walls",2950
9,46,"stairs",2951
9,44,"stairs",2952
9,40,"walls",2953
9,35,"walls",2954
9,23,"walls",2955
9,3,"walls",2956
9,0,"walls",2957
8,49,"walls",2958
8,41,"walls",2959
8,40,"walls",2960
8,35,"walls",2961
8,24,"walls",2962
8,3,"walls",2963
8,0,"walls",2964
7,49,"walls",2965
7,42,"walls",2966
7,40,"walls",2967
7,35,"walls",2968
7,24,"walls",2969
7,3,"walls",2970
7,0,"walls",2971
6,49,"walls",2972
6,45,"walls",2973
6,44,"walls",2974
6,43,"walls",2975
6,42,"walls",2976
6,41,"walls",2977
6,40,"walls",2978
6,35,"walls",2979
6,25,"walls",2980
6,24,"walls",2981
6,23,"walls",2982
6,22,"walls",2983
6,21,"walls",2984
6,20,"walls",2985
6,19,"walls",2986
6,18,"walls",2987
6,17,"walls",2988
6,16,"walls",2989
6,15,"walls",2990
6,14,"walls",2991
6,13,"walls",2992
6,12,"walls",2993
6,11,"walls",2994
6,10,"walls",2995
6,9,"walls",2996
6,8,"walls",2997
6,7,"walls",2998
6,3,"walls",2999
6,0,"walls",3000
5,49,"walls",3001
5,40,"walls",3002
5,35,"walls",3003
5,27,"walls",3004
5,26,"walls",3005
5,0,"walls",3006
4,49,"walls",3007
4,40,"doors",3008
4,35,"walls",3009
4,28,"walls",3010
4,0,"walls",3011
3,49,"walls",3012
3,48,"walls",3013
3,47,"walls",3014
3,46,"walls",3015
3,45,"walls",3016
3,44,"walls",3017
3,43,"walls",3018
3,42,"walls",3019
3,41,"walls",3020
3,40,"walls",3021
3,39,"walls",3022
3,38,"walls",3023
3,37,"walls",3024
3,36,"walls",3025
3,35,"walls",3026
3,31,"walls",3027
3,30,"walls",3028
3,29,"walls",3029
3,0,"walls",3030
2,49,"walls",3031
2,34,"walls",3032
2,33,"walls",3033
2,32,"walls",3034
2,0,"walls",3035
1,49,"walls",3036
1,0,"walls",3037
0,49,"walls",3038
0,0,"walls",3039
35,2,"green victims",3118
30,4,"green victims",3119
35,7,"yellow victims",3120
48,4,"green victims",3121
50,5,"green victims",3122
48,6,"green victims",3123
74,6,"green victims",3124
87,4,"green victims",3125
89,13,"green victims",3126
82,18,"yellow victims",3127
78,21,"yellow victims",3128
83,21,"green victims",3129
83,25,"green victims",3130
83,27,"green victims",3131
82,33,"green victims",3132
83,42,"green victims",3133
81,48,"green victims",3134
63,47,"green victims",3135
45,47,"yellow victims",3136
37,47,"green victims",3137
27,43,"green victims",3138
29,48,"green victims",3139
20,43,"yellow victims",3140
19,47,"yellow victims",3141
16,47,"green victims",3142
22,25,"green victims",3143
31,31,"yellow victims",3144
40,33,"green victims",3145
40,20,"green victims",3146
45,25,"green victims",3147
48,23,"yellow victims",3148
48,34,"green victims",3149
67,18,"yellow victims",3150
65,30,"yellow victims",3151
