x,z,key,id,reward,press
84,8,door,1,,
76,40,door,2,,
76,35,door,3,,
75,25,door,4,,
70,16,door,5,,
70,15,door,6,,
70,8,door,7,,
69,8,door,8,,
67,40,door,9,,
61,33,door,10,,
61,32,door,11,,
58,40,door,12,,
56,26,door,13,,
56,25,door,14,,
56,23,door,15,,
56,22,door,16,,
85,16,wall,17,,
85,0,wall,18,,
43,33,door,19,,
43,29,door,20,,
43,24,door,21,,
43,20,door,22,,
41,13,door,23,,
40,40,door,24,,
39,27,door,25,,
39,18,door,26,,
37,8,door,27,,
31,40,door,28,,
25,35,door,29,,
25,13,door,30,,
25,8,door,31,,
22,40,door,32,,
16,5,door,33,,
16,4,door,34,,
16,2,door,35,,
16,1,door,36,,
13,40,door,37,,
4,40,door,38,,
92,10,wall,39,,
92,9,wall,40,,
92,8,wall,41,,
92,7,wall,42,,
92,6,wall,43,,
91,11,wall,44,,
91,10,wall,45,,
91,6,wall,46,,
91,5,wall,47,,
90,14,wall,48,,
90,13,wall,49,,
90,12,wall,50,,
90,4,wall,51,,
90,3,wall,52,,
90,2,wall,53,,
89,14,wall,54,,
89,2,wall,55,,
88,15,wall,56,,
88,14,wall,57,,
88,2,wall,58,,
88,1,wall,59,,
87,15,wall,60,,
87,1,wall,61,,
86,16,wall,62,,
86,15,wall,63,,
86,1,wall,64,,
86,0,wall,65,,
84,49,wall,66,,
84,40,wall,67,,
84,35,wall,68,,
84,26,wall,69,,
84,17,wall,70,,
84,16,wall,71,,
84,9,wall,72,,
84,8,door,73,,
84,7,wall,74,,
84,0,wall,75,,
83,40,wall,76,,
83,35,wall,77,,
83,26,wall,78,,
83,17,wall,79,,
83,16,wall,80,,
82,40,wall,81,,
82,35,wall,82,,
82,26,wall,83,,
82,17,wall,84,,
82,16,wall,85,,
82,5,wall,86,,
81,40,wall,87,,
81,35,wall,88,,
81,26,wall,89,,
81,17,wall,90,,
81,16,wall,91,,
81,5,wall,92,,
80,41,wall,93,,
80,40,wall,94,,
80,35,wall,95,,
80,34,wall,96,,
80,26,wall,97,,
80,23,wall,98,,
80,17,wall,99,,
80,16,wall,100,,
80,15,wall,101,,
80,5,wall,102,,
80,4,wall,103,,
80,3,wall,104,,
80,2,wall,105,,
79,42,wall,106,,
79,41,wall,107,,
79,40,wall,108,,
79,35,wall,109,,
79,34,wall,110,,
79,33,wall,111,,
79,26,wall,112,,
79,23,wall,113,,
79,17,wall,114,,
79,16,wall,115,,
78,45,wall,116,,
78,44,wall,117,,
78,43,wall,118,,
78,42,wall,119,,
78,41,wall,120,,
78,40,wall,121,,
78,35,wall,122,,
78,34,wall,123,,
78,33,wall,124,,
78,32,wall,125,,
78,31,wall,126,,
78,30,wall,127,,
78,26,wall,128,,
78,23,wall,129,,
78,17,wall,130,,
78,16,wall,131,,
78,15,wall,132,,
77,40,wall,133,,
77,35,wall,134,,
77,26,wall,135,,
77,23,wall,136,,
77,22,wall,137,,
77,17,wall,138,,
77,16,wall,139,,
76,40,door,140,,
76,35,door,141,,
76,26,door,142,,
76,23,wall,143,,
76,22,wall,144,,
76,21,wall,145,,
76,17,wall,146,,
76,16,wall,147,,
75,49,wall,148,,
75,48,wall,149,,
75,47,wall,150,,
75,46,wall,151,,
75,45,wall,152,,
75,44,wall,153,,
75,43,wall,154,,
75,42,wall,155,,
75,41,wall,156,,
75,40,wall,157,,
75,35,wall,158,,
75,34,wall,159,,
75,33,wall,160,,
75,32,wall,161,,
75,31,wall,162,,
75,30,wall,163,,
75,29,wall,164,,
75,28,wall,165,,
75,27,wall,166,,
75,26,wall,167,,
75,25,door,168,,
75,24,wall,169,,
75,23,wall,170,,
75,22,wall,171,,
75,21,wall,172,,
75,20,wall,173,,
75,19,wall,174,,
75,18,wall,175,,
75,17,wall,176,,
75,16,wall,177,,
75,15,wall,178,,
75,14,wall,179,,
75,13,wall,180,,
75,12,wall,181,,
75,11,wall,182,,
75,10,wall,183,,
75,9,wall,184,,
75,8,wall,185,,
74,40,wall,186,,
74,8,wall,187,,
74,7,wall,188,,
73,40,wall,189,,
73,8,wall,190,,
73,7,wall,191,,
73,6,wall,192,,
72,40,wall,193,,
72,8,wall,194,,
72,7,wall,195,,
72,6,wall,196,,
72,5,wall,197,,
72,4,wall,198,,
71,41,wall,199,,
71,40,wall,200,,
71,8,wall,201,,
70,42,wall,202,,
70,41,wall,203,,
70,40,wall,204,,
70,35,wall,205,,
70,17,wall,206,,
70,16,door,207,,
70,15,door,208,,
70,14,wall,209,,
70,13,wall,210,,
70,8,door,211,,
69,45,wall,212,,
69,44,wall,213,,
69,43,wall,214,,
69,42,wall,215,,
69,41,wall,216,,
69,40,wall,217,,
69,35,wall,218,,
69,34,wall,219,,
69,33,wall,220,,
69,8,door,221,,
68,40,wall,222,,
68,35,wall,223,,
68,34,wall,224,,
68,8,wall,225,,
68,7,wall,226,,
68,6,wall,227,,
68,5,wall,228,,
68,4,wall,229,,
68,3,wall,230,,
68,2,wall,231,,
68,1,wall,232,,
68,0,wall,233,,
67,40,door,234,,
67,35,wall,235,,
67,8,wall,236,,
66,49,wall,237,,
66,48,wall,238,,
66,47,wall,239,,
66,46,wall,240,,
66,45,wall,241,,
66,44,wall,242,,
66,43,wall,243,,
66,42,wall,244,,
66,41,wall,245,,
66,40,wall,246,,
66,35,wall,247,,
66,8,wall,248,,
65,40,wall,249,,
65,35,wall,250,,
65,8,wall,251,,
64,40,wall,252,,
64,35,wall,253,,
64,8,wall,254,,
63,40,wall,255,,
63,35,wall,256,,
63,14,wall,257,,
63,8,wall,258,,
62,41,wall,259,,
62,40,wall,260,,
62,35,wall,261,,
62,15,wall,262,,
62,14,wall,263,,
62,8,wall,264,,
61,42,wall,265,,
61,41,wall,266,,
61,40,wall,267,,
61,35,wall,268,,
61,34,wall,269,,
61,33,door,270,,
61,32,door,271,,
61,31,wall,272,,
61,14,wall,273,,
61,13,wall,274,,
61,8,wall,275,,
60,45,wall,276,,
60,44,wall,277,,
60,43,wall,278,,
60,42,wall,279,,
60,41,wall,280,,
60,40,wall,281,,
60,8,wall,282,,
59,40,wall,283,,
59,8,wall,284,,
58,40,door,285,,
58,8,wall,286,,
58,7,wall,287,,
57,49,wall,288,,
57,48,wall,289,,
57,47,door,290,,
57,46,wall,291,,
57,45,wall,292,,
57,44,wall,293,,
57,43,wall,294,,
57,42,wall,295,,
57,41,wall,296,,
57,40,wall,297,,
57,8,wall,298,,
57,7,wall,299,,
57,6,wall,300,,
56,40,wall,301,,
56,35,wall,302,,
56,34,wall,303,,
56,33,wall,304,,
56,32,wall,305,,
56,31,wall,306,,
56,30,wall,307,,
56,29,wall,308,,
56,28,wall,309,,
56,27,wall,310,,
56,26,door,311,,
56,25,door,312,,
56,24,wall,313,,
56,23,door,314,,
56,22,door,315,,
56,21,wall,316,,
56,20,wall,317,,
56,19,wall,318,,
56,18,wall,319,,
56,17,wall,320,,
56,16,wall,321,,
56,15,wall,322,,
56,14,wall,323,,
56,13,wall,324,,
56,8,wall,325,,
56,7,wall,326,,
56,6,wall,327,,
56,5,wall,328,,
56,4,wall,329,,
55,40,wall,330,,
55,35,wall,331,,
55,34,wall,332,,
55,33,wall,333,,
55,24,wall,334,,
55,15,wall,335,,
55,14,wall,336,,
55,13,wall,337,,
55,8,wall,338,,
54,40,wall,339,,
54,35,wall,340,,
54,34,wall,341,,
54,24,wall,342,,
54,14,wall,343,,
54,13,wall,344,,
54,8,door,345,,
53,41,wall,346,,
53,40,wall,347,,
53,35,wall,348,,
53,24,wall,349,,
53,13,wall,350,,
53,8,wall,351,,
53,7,wall,352,,
53,6,wall,353,,
53,5,wall,354,,
53,4,wall,355,,
53,3,wall,356,,
53,2,door,357,,
53,1,wall,358,,
53,0,wall,359,,
52,42,wall,360,,
52,41,wall,361,,
52,40,wall,362,,
52,35,wall,363,,
52,24,wall,364,,
52,13,wall,365,,
52,8,wall,366,,
51,45,wall,367,,
51,44,wall,368,,
51,43,wall,369,,
51,42,wall,370,,
51,41,wall,371,,
51,40,wall,372,,
51,35,wall,373,,
51,24,wall,374,,
51,13,wall,375,,
51,8,wall,376,,
50,40,wall,377,,
50,35,wall,378,,
50,24,wall,379,,
50,13,wall,380,,
50,8,wall,381,,
49,40,door,382,,
49,35,wall,383,,
49,24,wall,384,,
49,13,wall,385,,
49,8,wall,386,,
48,49,wall,387,,
48,48,wall,388,,
48,47,wall,389,,
48,46,wall,390,,
48,45,wall,391,,
48,44,wall,392,,
48,43,door,393,,
48,42,wall,394,,
48,41,wall,395,,
48,40,wall,396,,
48,35,wall,397,,
48,24,wall,398,,
48,13,wall,399,,
48,8,wall,400,,
47,40,wall,401,,
47,35,wall,402,,
47,34,wall,403,,
47,33,wall,404,,
47,32,wall,405,,
47,31,wall,406,,
47,30,wall,407,,
47,29,wall,408,,
47,28,wall,409,,
47,27,door,410,,
47,26,wall,411,,
47,25,wall,412,,
47,24,wall,413,,
47,23,wall,414,,
47,22,wall,415,,
47,21,wall,416,,
47,20,wall,417,,
47,19,wall,418,,
47,18,wall,419,,
47,17,wall,420,,
47,16,wall,421,,
47,15,wall,422,,
47,14,wall,423,,
47,13,wall,424,,
47,8,wall,425,,
46,40,wall,426,,
46,35,wall,427,,
46,34,wall,428,,
46,33,wall,429,,
46,32,wall,430,,
46,31,wall,431,,
46,30,wall,432,,
46,29,wall,433,,
46,28,wall,434,,
46,27,door,435,,
46,26,wall,436,,
46,25,wall,437,,
46,24,wall,438,,
46,23,wall,439,,
46,22,wall,440,,
46,21,wall,441,,
46,20,wall,442,,
46,19,wall,443,,
46,18,wall,444,,
46,17,wall,445,,
46,16,wall,446,,
46,15,wall,447,,
46,14,wall,448,,
46,13,wall,449,,
46,8,wall,450,,
45,40,wall,451,,
45,35,wall,452,,
45,26,wall,453,,
45,17,wall,454,,
45,13,wall,455,,
45,8,wall,456,,
44,41,wall,457,,
44,40,wall,458,,
44,35,wall,459,,
44,26,wall,460,,
44,17,wall,461,,
44,13,wall,462,,
44,8,wall,463,,
43,42,wall,464,,
43,41,wall,465,,
43,40,wall,466,,
43,35,wall,467,,
43,28,wall,468,,
43,26,wall,469,,
43,25,wall,470,,
43,24,door,471,,
43,23,wall,472,,
43,22,wall,473,,
43,21,wall,474,,
43,20,door,475,,
43,19,wall,476,,
43,17,wall,477,,
43,13,wall,478,,
43,8,wall,479,,
42,45,wall,480,,
42,44,wall,481,,
42,43,wall,482,,
42,42,wall,483,,
42,41,wall,484,,
42,40,wall,485,,
42,35,wall,486,,
42,32,wall,487,,
42,31,wall,488,,
42,28,wall,489,,
42,26,wall,490,,
42,23,wall,491,,
42,22,wall,492,,
42,19,wall,493,,
42,17,wall,494,,
42,13,wall,495,,
42,8,wall,496,,
41,40,wall,497,,
41,35,wall,498,,
41,32,wall,499,,
41,31,wall,500,,
41,28,wall,501,,
41,26,wall,502,,
41,23,wall,503,,
41,22,wall,504,,
41,19,wall,505,,
41,17,wall,506,,
41,16,wall,507,,
41,13,door,508,,
41,8,wall,509,,
41,7,wall,510,,
40,40,door,511,,
40,35,wall,512,,
40,32,wall,513,,
40,31,wall,514,,
40,28,wall,515,,
40,26,wall,516,,
40,23,wall,517,,
40,22,wall,518,,
40,19,wall,519,,
40,17,wall,520,,
40,16,wall,521,,
40,15,wall,522,,
40,14,wall,523,,
40,13,wall,524,,
40,8,wall,525,,
40,7,wall,526,,
40,6,wall,527,,
39,49,wall,528,,
39,48,wall,529,,
39,47,wall,530,,
39,46,wall,531,,
39,45,wall,532,,
39,44,wall,533,,
39,43,wall,534,,
39,42,wall,535,,
39,41,wall,536,,
39,40,wall,537,,
39,35,wall,538,,
39,34,wall,539,,
39,33,wall,540,,
39,32,wall,541,,
39,31,wall,542,,
39,30,wall,543,,
39,29,wall,544,,
39,28,wall,545,,
39,27,door,546,,
39,26,wall,547,,
39,25,wall,548,,
39,24,wall,549,,
39,23,wall,550,,
39,22,wall,551,,
39,21,wall,552,,
39,20,wall,553,,
39,19,wall,554,,
39,18,door,555,,
39,17,wall,556,,
39,16,wall,557,,
39,15,wall,558,,
39,14,wall,559,,
39,13,wall,560,,
39,8,wall,561,,
39,7,wall,562,,
39,6,wall,563,,
39,5,wall,564,,
39,4,wall,565,,
38,40,wall,566,,
38,8,wall,567,,
37,40,wall,568,,
37,8,door,569,,
36,40,wall,570,,
36,8,wall,571,,
36,7,wall,572,,
36,6,wall,573,,
36,5,wall,574,,
36,4,wall,575,,
36,3,wall,576,,
36,2,wall,577,,
36,1,wall,578,,
36,0,wall,579,,
35,41,wall,580,,
35,40,wall,581,,
35,8,wall,582,,
34,42,wall,583,,
34,41,wall,584,,
34,40,wall,585,,
34,8,wall,586,,
33,45,wall,587,,
33,44,wall,588,,
33,43,wall,589,,
33,42,wall,590,,
33,41,wall,591,,
33,40,wall,592,,
32,40,wall,593,,
31,40,door,594,,
31,32,wall,595,,
31,28,wall,596,,
31,24,wall,597,,
31,20,wall,598,,
31,16,wall,599,,
30,49,wall,600,,
30,48,wall,601,,
30,47,wall,602,,
30,46,wall,603,,
30,45,wall,604,,
30,44,wall,605,,
30,43,wall,606,,
30,42,wall,607,,
30,41,wall,608,,
30,40,wall,609,,
30,32,wall,610,,
30,28,wall,611,,
30,24,wall,612,,
30,20,wall,613,,
30,16,wall,614,,
29,40,wall,615,,
29,32,wall,616,,
29,31,wall,617,,
29,30,wall,618,,
29,29,wall,619,,
29,28,wall,620,,
29,27,wall,621,,
29,26,wall,622,,
29,25,wall,623,,
29,24,wall,624,,
29,23,wall,625,,
29,22,wall,626,,
29,21,wall,627,,
29,20,wall,628,,
29,19,wall,629,,
29,18,wall,630,,
29,17,wall,631,,
29,16,wall,632,,
29,8,wall,633,,
28,40,wall,634,,
28,32,wall,635,,
28,28,wall,636,,
28,24,wall,637,,
28,20,wall,638,,
28,16,wall,639,,
28,8,wall,640,,
27,40,wall,641,,
27,32,wall,642,,
27,28,wall,643,,
27,24,wall,644,,
27,20,wall,645,,
27,16,wall,646,,
27,8,wall,647,,
27,7,wall,648,,
27,6,wall,649,,
27,5,wall,650,,
27,4,wall,651,,
27,3,wall,652,,
27,2,wall,653,,
27,1,wall,654,,
27,0,wall,655,,
26,41,wall,656,,
26,40,wall,657,,
26,8,wall,658,,
26,0,wall,659,,
25,42,wall,660,,
25,41,wall,661,,
25,40,wall,662,,
25,35,door,663,,
25,13,door,664,,
25,8,door,665,,
25,0,wall,666,,
24,45,wall,667,,
24,44,wall,668,,
24,43,wall,669,,
24,42,wall,670,,
24,41,wall,671,,
24,40,wall,672,,
24,8,wall,673,,
24,0,wall,674,,
23,40,wall,675,,
23,32,wall,676,,
23,28,wall,677,,
23,24,wall,678,,
23,20,wall,679,,
23,16,wall,680,,
23,8,wall,681,,
23,0,wall,682,,
22,40,door,683,,
22,32,wall,684,,
22,28,wall,685,,
22,24,wall,686,,
22,20,wall,687,,
22,16,wall,688,,
21,49,wall,689,,
21,48,wall,690,,
21,47,wall,691,,
21,46,wall,692,,
21,45,wall,693,,
21,44,wall,694,,
21,43,wall,695,,
21,42,wall,696,,
21,41,wall,697,,
21,40,wall,698,,
21,32,wall,699,,
21,31,wall,700,,
21,30,wall,701,,
21,29,wall,702,,
21,28,wall,703,,
21,27,wall,704,,
21,26,wall,705,,
21,25,wall,706,,
21,24,wall,707,,
21,23,wall,708,,
21,22,wall,709,,
21,21,wall,710,,
21,20,wall,711,,
21,19,wall,712,,
21,18,wall,713,,
21,17,wall,714,,
21,16,wall,715,,
21,7,wall,716,,
20,40,wall,717,,
20,32,wall,718,,
20,28,wall,719,,
20,24,wall,720,,
20,20,wall,721,,
20,16,wall,722,,
19,40,wall,723,,
19,32,wall,724,,
19,28,wall,725,,
19,24,wall,726,,
19,20,wall,727,,
19,16,wall,728,,
19,7,wall,729,,
18,40,wall,730,,
17,41,wall,731,,
17,40,wall,732,,
17,11,wall,733,,
17,7,wall,734,,
16,42,wall,735,,
16,41,wall,736,,
16,40,wall,737,,
16,35,wall,738,,
16,13,wall,739,,
16,12,wall,740,,
16,11,wall,741,,
16,7,wall,742,,
16,6,wall,743,,
16,5,door,744,,
16,4,door,745,,
16,3,wall,746,,
16,2,door,747,,
16,1,door,748,,
16,0,wall,749,,
15,45,wall,750,,
15,44,wall,751,,
15,43,wall,752,,
15,42,wall,753,,
15,41,wall,754,,
15,40,wall,755,,
15,6,wall,756,,
15,0,wall,757,,
14,40,wall,758,,
14,6,wall,759,,
14,0,wall,760,,
13,40,door,761,,
13,6,wall,762,,
13,0,wall,763,,
12,49,wall,764,,
12,48,wall,765,,
12,47,wall,766,,
12,46,wall,767,,
12,45,wall,768,,
12,44,wall,769,,
12,43,wall,770,,
12,42,wall,771,,
12,41,wall,772,,
12,40,wall,773,,
12,6,wall,774,,
12,0,wall,775,,
11,40,wall,776,,
11,6,wall,777,,
11,0,wall,778,,
10,40,wall,779,,
10,6,wall,780,,
10,0,wall,781,,
9,40,wall,782,,
9,6,wall,783,,
9,0,wall,784,,
8,41,wall,785,,
8,40,wall,786,,
8,6,wall,787,,
8,0,wall,788,,
7,42,wall,789,,
7,41,wall,790,,
7,40,wall,791,,
7,6,wall,792,,
7,0,wall,793,,
6,45,wall,794,,
6,44,wall,795,,
6,43,wall,796,,
6,42,wall,797,,
6,41,wall,798,,
6,40,wall,799,,
6,6,wall,800,,
6,0,wall,801,,
5,40,wall,802,,
5,0,wall,803,,
4,40,door,804,,
4,0,wall,805,,
3,49,wall,806,,
3,40,wall,807,,
3,35,wall,808,,
3,0,wall,809,,
2,49,wall,810,,
2,0,wall,811,,
1,49,wall,812,,
1,0,wall,813,,
0,49,wall,814,,
0,0,wall,815,,
92,10,wall,894,,
92,9,wall,895,,
92,8,wall,896,,
92,7,wall,897,,
92,6,wall,898,,
91,11,wall,899,,
91,10,wall,900,,
91,6,wall,901,,
91,5,wall,902,,
90,14,wall,903,,
90,13,wall,904,,
90,12,wall,905,,
90,4,wall,906,,
90,3,wall,907,,
90,2,wall,908,,
89,14,wall,909,,
89,2,wall,910,,
88,15,wall,911,,
88,14,wall,912,,
88,2,wall,913,,
88,1,wall,914,,
87,15,wall,915,,
87,1,wall,916,,
86,16,wall,917,,
86,15,wall,918,,
86,1,wall,919,,
86,0,wall,920,,
84,49,wall,921,,
84,40,wall,922,,
84,35,wall,923,,
84,26,wall,924,,
84,17,wall,925,,
84,16,wall,926,,
84,9,wall,927,,
84,8,door,928,,
84,7,wall,929,,
84,0,wall,930,,
83,40,wall,931,,
83,35,wall,932,,
83,26,wall,933,,
83,17,wall,934,,
83,16,wall,935,,
82,40,wall,936,,
82,35,wall,937,,
82,26,wall,938,,
82,17,wall,939,,
82,16,wall,940,,
82,5,wall,941,,
81,40,wall,942,,
81,35,wall,943,,
81,26,wall,944,,
81,17,wall,945,,
81,16,wall,946,,
81,5,wall,947,,
80,41,wall,948,,
80,40,wall,949,,
80,35,wall,950,,
80,34,wall,951,,
80,26,wall,952,,
80,23,wall,953,,
80,17,wall,954,,
80,16,wall,955,,
80,15,wall,956,,
80,5,wall,957,,
80,4,wall,958,,
80,3,wall,959,,
80,2,wall,960,,
79,42,wall,961,,
79,40,wall,962,,
79,35,wall,963,,
79,33,wall,964,,
79,26,wall,965,,
79,23,wall,966,,
79,17,wall,967,,
79,16,wall,968,,
78,45,wall,969,,
78,44,wall,970,,
78,43,wall,971,,
78,42,wall,972,,
78,41,wall,973,,
78,40,wall,974,,
78,35,wall,975,,
78,34,wall,976,,
78,33,wall,977,,
78,32,wall,978,,
78,31,wall,979,,
78,30,wall,980,,
78,26,wall,981,,
78,23,wall,982,,
78,17,wall,983,,
78,16,wall,984,,
78,15,wall,985,,
77,40,wall,986,,
77,35,wall,987,,
77,26,wall,988,,
77,23,wall,989,,
77,22,wall,990,,
77,17,wall,991,,
77,16,wall,992,,
76,40,door,993,,
76,35,door,994,,
76,26,door,995,,
76,23,wall,996,,
76,21,wall,997,,
76,17,wall,998,,
76,16,wall,999,,
75,49,wall,1000,,
75,48,wall,1001,,
75,47,wall,1002,,
75,46,wall,1003,,
75,45,wall,1004,,
75,44,wall,1005,,
75,43,wall,1006,,
75,42,wall,1007,,
75,41,wall,1008,,
75,40,wall,1009,,
75,35,wall,1010,,
75,34,wall,1011,,
75,33,wall,1012,,
75,32,wall,1013,,
75,31,wall,1014,,
75,30,wall,1015,,
75,29,wall,1016,,
75,28,wall,1017,,
75,27,wall,1018,,
75,26,wall,1019,,
75,25,door,1020,,
75,24,wall,1021,,
75,23,wall,1022,,
75,22,wall,1023,,
75,21,wall,1024,,
75,20,wall,1025,,
75,19,wall,1026,,
75,18,wall,1027,,
75,17,wall,1028,,
75,16,wall,1029,,
75,15,wall,1030,,
75,14,wall,1031,,
75,13,wall,1032,,
75,12,wall,1033,,
75,11,wall,1034,,
75,10,wall,1035,,
75,9,wall,1036,,
75,8,wall,1037,,
74,40,wall,1038,,
74,8,wall,1039,,
74,7,wall,1040,,
73,40,wall,1041,,
73,8,wall,1042,,
73,6,wall,1043,,
72,40,wall,1044,,
72,8,wall,1045,,
72,7,wall,1046,,
72,6,wall,1047,,
72,5,wall,1048,,
72,4,wall,1049,,
71,41,wall,1050,,
71,40,wall,1051,,
70,42,wall,1052,,
70,40,wall,1053,,
70,35,wall,1054,,
70,17,wall,1055,,
70,16,door,1056,,
70,15,door,1057,,
70,14,wall,1058,,
70,13,wall,1059,,
70,8,door,1060,,
69,45,wall,1061,,
69,44,wall,1062,,
69,43,wall,1063,,
69,42,wall,1064,,
69,41,wall,1065,,
69,40,wall,1066,,
69,35,wall,1067,,
69,33,wall,1068,,
69,8,door,1069,,
68,40,wall,1070,,
68,35,wall,1071,,
68,34,wall,1072,,
68,8,wall,1073,,
68,7,wall,1074,,
68,6,wall,1075,,
68,5,wall,1076,,
68,4,wall,1077,,
68,3,wall,1078,,
68,2,wall,1079,,
68,1,wall,1080,,
68,0,wall,1081,,
67,40,door,1082,,
67,35,wall,1083,,
67,8,wall,1084,,
66,49,wall,1085,,
66,48,wall,1086,,
66,47,wall,1087,,
66,46,wall,1088,,
66,45,wall,1089,,
66,44,wall,1090,,
66,43,wall,1091,,
66,42,wall,1092,,
66,41,wall,1093,,
66,40,wall,1094,,
66,35,wall,1095,,
66,8,wall,1096,,
65,40,wall,1097,,
65,35,wall,1098,,
65,8,wall,1099,,
64,40,wall,1100,,
64,35,wall,1101,,
64,8,wall,1102,,
63,40,wall,1103,,
63,35,wall,1104,,
63,14,wall,1105,,
63,8,wall,1106,,
62,41,wall,1107,,
62,40,wall,1108,,
62,35,wall,1109,,
62,15,wall,1110,,
62,8,wall,1111,,
61,42,wall,1112,,
61,40,wall,1113,,
61,35,wall,1114,,
61,34,wall,1115,,
61,33,door,1116,,
61,32,door,1117,,
61,31,wall,1118,,
61,14,wall,1119,,
61,13,wall,1120,,
61,8,wall,1121,,
60,45,wall,1122,,
60,44,wall,1123,,
60,43,wall,1124,,
60,42,wall,1125,,
60,41,wall,1126,,
60,40,wall,1127,,
60,8,wall,1128,,
59,40,wall,1129,,
59,8,wall,1130,,
58,40,door,1131,,
58,8,wall,1132,,
58,7,wall,1133,,
57,49,wall,1134,,
57,48,wall,1135,,
57,47,door,1136,,
57,46,wall,1137,,
57,45,wall,1138,,
57,44,wall,1139,,
57,43,wall,1140,,
57,42,wall,1141,,
57,41,wall,1142,,
57,40,wall,1143,,
57,8,wall,1144,,
57,6,wall,1145,,
56,40,wall,1146,,
56,35,wall,1147,,
56,34,wall,1148,,
56,33,wall,1149,,
56,32,wall,1150,,
56,31,wall,1151,,
56,30,wall,1152,,
56,29,wall,1153,,
56,28,wall,1154,,
56,27,wall,1155,,
56,26,door,1156,,
56,25,door,1157,,
56,24,wall,1158,,
56,23,door,1159,,
56,22,door,1160,,
56,21,wall,1161,,
56,20,wall,1162,,
56,19,wall,1163,,
56,18,wall,1164,,
56,17,wall,1165,,
56,16,wall,1166,,
56,15,wall,1167,,
56,14,wall,1168,,
56,13,wall,1169,,
56,8,wall,1170,,
56,7,wall,1171,,
56,6,wall,1172,,
56,5,wall,1173,,
56,4,wall,1174,,
55,40,wall,1175,,
55,35,wall,1176,,
55,33,wall,1177,,
55,24,wall,1178,,
55,15,wall,1179,,
55,13,wall,1180,,
54,40,wall,1181,,
54,35,wall,1182,,
54,34,wall,1183,,
54,24,wall,1184,,
54,14,wall,1185,,
54,13,wall,1186,,
54,8,door,1187,,
53,41,wall,1188,,
53,40,wall,1189,,
53,35,wall,1190,,
53,24,wall,1191,,
53,13,wall,1192,,
53,8,wall,1193,,
53,7,wall,1194,,
53,6,wall,1195,,
53,5,wall,1196,,
53,4,wall,1197,,
53,3,wall,1198,,
53,2,door,1199,,
53,1,wall,1200,,
53,0,wall,1201,,
52,42,wall,1202,,
52,40,wall,1203,,
52,35,wall,1204,,
52,24,wall,1205,,
52,13,wall,1206,,
52,8,wall,1207,,
51,45,wall,1208,,
51,44,wall,1209,,
51,43,wall,1210,,
51,42,wall,1211,,
51,41,wall,1212,,
51,40,wall,1213,,
51,35,wall,1214,,
51,24,wall,1215,,
51,13,wall,1216,,
51,8,wall,1217,,
50,40,wall,1218,,
50,35,wall,1219,,
50,24,wall,1220,,
50,13,wall,1221,,
50,8,wall,1222,,
49,40,door,1223,,
49,35,wall,1224,,
49,24,wall,1225,,
49,13,wall,1226,,
49,8,wall,1227,,
48,49,wall,1228,,
48,48,wall,1229,,
48,47,wall,1230,,
48,46,wall,1231,,
48,45,wall,1232,,
48,44,wall,1233,,
48,43,door,1234,,
48,42,wall,1235,,
48,41,wall,1236,,
48,40,wall,1237,,
48,35,wall,1238,,
48,24,wall,1239,,
48,13,wall,1240,,
48,8,wall,1241,,
47,40,wall,1242,,
47,35,wall,1243,,
47,34,wall,1244,,
47,33,wall,1245,,
47,32,wall,1246,,
47,31,wall,1247,,
47,30,wall,1248,,
47,29,wall,1249,,
47,28,wall,1250,,
47,27,door,1251,,
47,26,wall,1252,,
47,25,wall,1253,,
47,24,wall,1254,,
47,23,wall,1255,,
47,22,wall,1256,,
47,21,wall,1257,,
47,20,wall,1258,,
47,19,wall,1259,,
47,18,wall,1260,,
47,17,wall,1261,,
47,16,wall,1262,,
47,15,wall,1263,,
47,14,wall,1264,,
47,13,wall,1265,,
47,8,wall,1266,,
46,40,wall,1267,,
46,35,wall,1268,,
46,34,wall,1269,,
46,33,wall,1270,,
46,32,wall,1271,,
46,31,wall,1272,,
46,30,wall,1273,,
46,29,wall,1274,,
46,28,wall,1275,,
46,27,door,1276,,
46,26,wall,1277,,
46,25,wall,1278,,
46,24,wall,1279,,
46,23,wall,1280,,
46,22,wall,1281,,
46,21,wall,1282,,
46,20,wall,1283,,
46,19,wall,1284,,
46,18,wall,1285,,
46,17,wall,1286,,
46,16,wall,1287,,
46,15,wall,1288,,
46,14,wall,1289,,
46,13,wall,1290,,
46,8,wall,1291,,
45,40,wall,1292,,
45,35,wall,1293,,
45,26,wall,1294,,
45,17,wall,1295,,
45,13,wall,1296,,
45,8,wall,1297,,
44,41,wall,1298,,
44,40,wall,1299,,
44,35,wall,1300,,
44,26,wall,1301,,
44,17,wall,1302,,
44,13,wall,1303,,
44,8,wall,1304,,
43,42,wall,1305,,
43,40,wall,1306,,
43,35,wall,1307,,
43,34,wall,1308,,
43,33,door,1309,,
43,32,wall,1310,,
43,31,wall,1311,,
43,30,wall,1312,,
43,29,door,1313,,
43,28,wall,1314,,
43,26,wall,1315,,
43,25,wall,1316,,
43,24,door,1317,,
43,23,wall,1318,,
43,22,wall,1319,,
43,21,wall,1320,,
43,20,door,1321,,
43,19,wall,1322,,
43,17,wall,1323,,
43,13,wall,1324,,
43,8,wall,1325,,
42,45,wall,1326,,
42,44,wall,1327,,
42,43,wall,1328,,
42,42,wall,1329,,
42,41,wall,1330,,
42,40,wall,1331,,
42,35,wall,1332,,
42,32,wall,1333,,
42,31,wall,1334,,
42,28,wall,1335,,
42,26,wall,1336,,
42,23,wall,1337,,
42,22,wall,1338,,
42,19,wall,1339,,
42,17,wall,1340,,
42,13,wall,1341,,
42,8,wall,1342,,
41,40,wall,1343,,
41,35,wall,1344,,
41,32,wall,1345,,
41,31,wall,1346,,
41,28,wall,1347,,
41,26,wall,1348,,
41,23,wall,1349,,
41,22,wall,1350,,
41,19,wall,1351,,
41,17,wall,1352,,
41,16,wall,1353,,
41,13,door,1354,,
41,8,wall,1355,,
41,7,wall,1356,,
40,40,door,1357,,
40,35,wall,1358,,
40,32,wall,1359,,
40,31,wall,1360,,
40,28,wall,1361,,
40,26,wall,1362,,
40,23,wall,1363,,
40,22,wall,1364,,
40,19,wall,1365,,
40,17,wall,1366,,
40,15,wall,1367,,
40,14,wall,1368,,
40,13,wall,1369,,
40,8,wall,1370,,
40,6,wall,1371,,
39,49,wall,1372,,
39,48,wall,1373,,
39,47,wall,1374,,
39,46,wall,1375,,
39,45,wall,1376,,
39,44,wall,1377,,
39,43,wall,1378,,
39,42,wall,1379,,
39,41,wall,1380,,
39,40,wall,1381,,
39,35,wall,1382,,
39,34,wall,1383,,
39,33,wall,1384,,
39,32,wall,1385,,
39,31,wall,1386,,
39,30,wall,1387,,
39,29,wall,1388,,
39,28,wall,1389,,
39,27,door,1390,,
39,26,wall,1391,,
39,25,wall,1392,,
39,24,wall,1393,,
39,23,wall,1394,,
39,22,wall,1395,,
39,21,wall,1396,,
39,20,wall,1397,,
39,19,wall,1398,,
39,18,door,1399,,
39,17,wall,1400,,
39,16,wall,1401,,
39,15,wall,1402,,
39,14,wall,1403,,
39,13,wall,1404,,
39,8,wall,1405,,
39,7,wall,1406,,
39,6,wall,1407,,
39,5,wall,1408,,
39,4,wall,1409,,
38,40,wall,1410,,
37,40,wall,1411,,
37,8,door,1412,,
36,40,wall,1413,,
36,8,wall,1414,,
36,7,wall,1415,,
36,6,wall,1416,,
36,5,wall,1417,,
36,4,wall,1418,,
36,3,wall,1419,,
36,2,wall,1420,,
36,1,wall,1421,,
36,0,wall,1422,,
35,41,wall,1423,,
35,40,wall,1424,,
35,8,wall,1425,,
34,42,wall,1426,,
34,40,wall,1427,,
34,8,wall,1428,,
33,45,wall,1429,,
33,44,wall,1430,,
33,43,wall,1431,,
33,42,wall,1432,,
33,41,wall,1433,,
33,40,wall,1434,,
32,40,wall,1435,,
31,40,door,1436,,
31,32,wall,1437,,
31,28,wall,1438,,
31,24,wall,1439,,
31,20,wall,1440,,
31,16,wall,1441,,
30,49,wall,1442,,
30,48,wall,1443,,
30,47,wall,1444,,
30,46,wall,1445,,
30,45,wall,1446,,
30,44,wall,1447,,
30,43,wall,1448,,
30,42,wall,1449,,
30,41,wall,1450,,
30,40,wall,1451,,
30,32,wall,1452,,
30,28,wall,1453,,
30,24,wall,1454,,
30,20,wall,1455,,
30,16,wall,1456,,
29,40,wall,1457,,
29,32,wall,1458,,
29,31,wall,1459,,
29,30,wall,1460,,
29,29,wall,1461,,
29,28,wall,1462,,
29,27,wall,1463,,
29,26,wall,1464,,
29,25,wall,1465,,
29,24,wall,1466,,
29,23,wall,1467,,
29,22,wall,1468,,
29,21,wall,1469,,
29,20,wall,1470,,
29,19,wall,1471,,
29,18,wall,1472,,
29,17,wall,1473,,
29,16,wall,1474,,
29,8,wall,1475,,
28,40,wall,1476,,
28,32,wall,1477,,
28,28,wall,1478,,
28,24,wall,1479,,
28,20,wall,1480,,
28,16,wall,1481,,
28,8,wall,1482,,
27,40,wall,1483,,
27,32,wall,1484,,
27,28,wall,1485,,
27,24,wall,1486,,
27,20,wall,1487,,
27,16,wall,1488,,
27,8,wall,1489,,
27,7,wall,1490,,
27,6,wall,1491,,
27,5,wall,1492,,
27,4,wall,1493,,
27,3,wall,1494,,
27,2,wall,1495,,
27,1,wall,1496,,
27,0,wall,1497,,
26,41,wall,1498,,
26,40,wall,1499,,
26,8,wall,1500,,
26,0,wall,1501,,
25,42,wall,1502,,
25,40,wall,1503,,
25,35,door,1504,,
25,13,door,1505,,
25,8,door,1506,,
25,0,wall,1507,,
24,45,wall,1508,,
24,44,wall,1509,,
24,43,wall,1510,,
24,42,wall,1511,,
24,41,wall,1512,,
24,40,wall,1513,,
24,8,wall,1514,,
24,0,wall,1515,,
23,40,wall,1516,,
23,32,wall,1517,,
23,28,wall,1518,,
23,24,wall,1519,,
23,20,wall,1520,,
23,16,wall,1521,,
23,8,wall,1522,,
23,0,wall,1523,,
22,40,door,1524,,
22,32,wall,1525,,
22,28,wall,1526,,
22,24,wall,1527,,
22,20,wall,1528,,
22,16,wall,1529,,
21,49,wall,1530,,
21,48,wall,1531,,
21,47,wall,1532,,
21,46,wall,1533,,
21,45,wall,1534,,
21,44,wall,1535,,
21,43,wall,1536,,
21,42,wall,1537,,
21,41,wall,1538,,
21,40,wall,1539,,
21,32,wall,1540,,
21,31,wall,1541,,
21,30,wall,1542,,
21,29,wall,1543,,
21,28,wall,1544,,
21,27,wall,1545,,
21,26,wall,1546,,
21,25,wall,1547,,
21,24,wall,1548,,
21,23,wall,1549,,
21,22,wall,1550,,
21,21,wall,1551,,
21,20,wall,1552,,
21,19,wall,1553,,
21,18,wall,1554,,
21,17,wall,1555,,
21,16,wall,1556,,
21,7,wall,1557,,
20,40,wall,1558,,
20,32,wall,1559,,
20,28,wall,1560,,
20,24,wall,1561,,
20,20,wall,1562,,
20,16,wall,1563,,
19,40,wall,1564,,
19,32,wall,1565,,
19,28,wall,1566,,
19,24,wall,1567,,
19,20,wall,1568,,
19,16,wall,1569,,
19,7,wall,1570,,
18,40,wall,1571,,
17,41,wall,1572,,
17,40,wall,1573,,
17,11,wall,1574,,
17,7,wall,1575,,
16,42,wall,1576,,
16,40,wall,1577,,
16,35,wall,1578,,
16,13,wall,1579,,
16,12,wall,1580,,
16,11,wall,1581,,
16,7,wall,1582,,
16,6,wall,1583,,
16,5,door,1584,,
16,4,door,1585,,
16,3,wall,1586,,
16,2,door,1587,,
16,1,door,1588,,
16,0,wall,1589,,
15,45,wall,1590,,
15,44,wall,1591,,
15,43,wall,1592,,
15,42,wall,1593,,
15,41,wall,1594,,
15,40,wall,1595,,
15,6,wall,1596,,
15,0,wall,1597,,
14,40,wall,1598,,
14,6,wall,1599,,
14,0,wall,1600,,
13,40,door,1601,,
13,6,wall,1602,,
13,0,wall,1603,,
12,49,wall,1604,,
12,48,wall,1605,,
12,47,wall,1606,,
12,46,wall,1607,,
12,45,wall,1608,,
12,44,wall,1609,,
12,43,wall,1610,,
12,42,wall,1611,,
12,41,wall,1612,,
12,40,wall,1613,,
12,6,wall,1614,,
12,0,wall,1615,,
11,40,wall,1616,,
11,6,wall,1617,,
11,0,wall,1618,,
10,40,wall,1619,,
10,6,wall,1620,,
10,0,wall,1621,,
9,40,wall,1622,,
9,6,wall,1623,,
9,0,wall,1624,,
8,41,wall,1625,,
8,40,wall,1626,,
8,6,wall,1627,,
8,0,wall,1628,,
7,42,wall,1629,,
7,40,wall,1630,,
7,6,wall,1631,,
7,0,wall,1632,,
6,45,wall,1633,,
6,44,wall,1634,,
6,43,wall,1635,,
6,42,wall,1636,,
6,41,wall,1637,,
6,40,wall,1638,,
6,25,wall,1639,,
6,24,wall,1640,,
6,23,wall,1641,,
6,22,wall,1642,,
6,21,wall,1643,,
6,20,wall,1644,,
6,19,wall,1645,,
6,18,wall,1646,,
6,17,wall,1647,,
6,16,wall,1648,,
6,15,wall,1649,,
6,14,wall,1650,,
6,13,wall,1651,,
6,12,wall,1652,,
6,11,wall,1653,,
6,10,wall,1654,,
6,9,wall,1655,,
6,8,wall,1656,,
6,7,wall,1657,,
6,6,wall,1658,,
6,0,wall,1659,,
5,40,wall,1660,,
5,27,wall,1661,,
5,26,wall,1662,,
5,0,wall,1663,,
4,40,door,1664,,
4,28,wall,1665,,
4,0,wall,1666,,
3,49,wall,1667,,
3,40,wall,1668,,
3,35,wall,1669,,
3,31,wall,1670,,
3,30,wall,1671,,
3,29,wall,1672,,
3,0,wall,1673,,
2,49,wall,1674,,
2,34,wall,1675,,
2,33,wall,1676,,
2,32,wall,1677,,
2,0,wall,1678,,
1,49,wall,1679,,
1,0,wall,1680,,
0,49,wall,1681,,
0,0,wall,1682,,
84,49,wall,1761,,
84,48,wall,1762,,
84,47,wall,1763,,
84,46,wall,1764,,
84,45,wall,1765,,
84,44,wall,1766,,
84,43,wall,1767,,
84,42,wall,1768,,
84,41,wall,1769,,
84,40,wall,1770,,
84,39,wall,1771,,
84,38,wall,1772,,
84,37,wall,1773,,
84,36,wall,1774,,
84,35,wall,1775,,
84,34,wall,1776,,
84,33,wall,1777,,
84,32,wall,1778,,
84,31,wall,1779,,
84,30,wall,1780,,
84,29,wall,1781,,
84,28,wall,1782,,
84,27,wall,1783,,
84,26,wall,1784,,
84,25,wall,1785,,
84,24,wall,1786,,
84,23,wall,1787,,
84,22,wall,1788,,
84,21,wall,1789,,
84,20,wall,1790,,
84,19,wall,1791,,
84,18,wall,1792,,
84,17,wall,1793,,
84,16,wall,1794,,
84,15,wall,1795,,
84,14,wall,1796,,
84,13,wall,1797,,
84,12,wall,1798,,
84,11,wall,1799,,
84,10,wall,1800,,
84,9,wall,1801,,
84,8,door,1802,,
84,7,wall,1803,,
84,6,wall,1804,,
84,5,wall,1805,,
84,4,wall,1806,,
84,3,wall,1807,,
84,2,wall,1808,,
84,1,wall,1809,,
84,0,wall,1810,,
83,49,wall,1811,,
83,46,stair,1812,,
83,44,stair,1813,,
83,40,wall,1814,,
83,35,wall,1815,,
83,31,stair,1816,,
83,29,stair,1817,,
83,26,wall,1818,,
83,20,stair,1819,,
83,19,stair,1820,,
83,18,stair,1821,,
83,17,wall,1822,,
83,16,wall,1823,,
83,0,wall,1824,,
82,49,wall,1825,,
82,46,stair,1826,,
82,44,stair,1827,,
82,40,wall,1828,,
82,35,wall,1829,,
82,31,stair,1830,,
82,29,stair,1831,,
82,26,wall,1832,,
82,17,wall,1833,,
82,16,wall,1834,,
82,5,wall,1835,,
82,0,wall,1836,,
81,49,wall,1837,,
81,46,stair,1838,,
81,44,stair,1839,,
81,40,wall,1840,,
81,35,wall,1841,,
81,31,stair,1842,,
81,29,stair,1843,,
81,26,wall,1844,,
81,17,wall,1845,,
81,16,wall,1846,,
81,11,stair,1847,,
81,9,stair,1848,,
81,5,wall,1849,,
81,0,wall,1850,,
80,49,wall,1851,,
80,41,wall,1852,,
80,40,wall,1853,,
80,35,wall,1854,,
80,34,wall,1855,,
80,26,wall,1856,,
80,23,wall,1857,,
80,17,wall,1858,,
80,16,wall,1859,,
80,11,stair,1860,,
80,9,stair,1861,,
80,5,wall,1862,,
80,4,wall,1863,,
80,3,wall,1864,,
80,2,wall,1865,,
80,0,wall,1866,,
79,49,wall,1867,,
79,42,wall,1868,,
79,40,wall,1869,,
79,35,wall,1870,,
79,33,wall,1871,,
79,26,wall,1872,,
79,23,wall,1873,,
79,17,wall,1874,,
79,16,wall,1875,,
79,11,stair,1876,,
79,9,stair,1877,,
79,0,wall,1878,,
78,49,wall,1879,,
78,45,wall,1880,,
78,44,wall,1881,,
78,43,wall,1882,,
78,42,wall,1883,,
78,41,wall,1884,,
78,40,wall,1885,,
78,35,wall,1886,,
78,34,wall,1887,,
78,33,wall,1888,,
78,32,wall,1889,,
78,31,wall,1890,,
78,30,wall,1891,,
78,26,wall,1892,,
78,23,wall,1893,,
78,17,wall,1894,,
78,16,wall,1895,,
78,11,stair,1896,,
78,9,stair,1897,,
78,0,wall,1898,,
77,49,wall,1899,,
77,40,wall,1900,,
77,35,wall,1901,,
77,26,wall,1902,,
77,23,wall,1903,,
77,22,wall,1904,,
77,17,wall,1905,,
77,16,wall,1906,,
77,0,wall,1907,,
76,49,wall,1908,,
76,40,door,1909,,
76,35,door,1910,,
76,26,door,1911,,
76,23,wall,1912,,
76,21,wall,1913,,
76,17,wall,1914,,
76,16,wall,1915,,
76,0,wall,1916,,
75,49,wall,1917,,
75,48,wall,1918,,
75,47,wall,1919,,
75,46,wall,1920,,
75,45,wall,1921,,
75,44,wall,1922,,
75,43,wall,1923,,
75,42,wall,1924,,
75,41,wall,1925,,
75,40,wall,1926,,
75,35,wall,1927,,
75,34,wall,1928,,
75,33,wall,1929,,
75,32,wall,1930,,
75,31,wall,1931,,
75,30,wall,1932,,
75,29,wall,1933,,
75,28,wall,1934,,
75,27,wall,1935,,
75,26,wall,1936,,
75,25,door,1937,,
75,24,wall,1938,,
75,23,wall,1939,,
75,22,wall,1940,,
75,21,wall,1941,,
75,20,wall,1942,,
75,19,wall,1943,,
75,18,wall,1944,,
75,17,wall,1945,,
75,16,wall,1946,,
75,15,wall,1947,,
75,14,wall,1948,,
75,13,wall,1949,,
75,12,wall,1950,,
75,11,wall,1951,,
75,10,wall,1952,,
75,9,wall,1953,,
75,8,wall,1954,,
75,0,wall,1955,,
74,49,wall,1956,,
74,46,stair,1957,,
74,44,stair,1958,,
74,40,wall,1959,,
74,8,wall,1960,,
74,7,wall,1961,,
74,0,wall,1962,,
73,49,wall,1963,,
73,46,stair,1964,,
73,44,stair,1965,,
73,40,wall,1966,,
73,8,wall,1967,,
73,6,wall,1968,,
73,0,wall,1969,,
72,49,wall,1970,,
72,46,stair,1971,,
72,44,stair,1972,,
72,40,wall,1973,,
72,8,wall,1974,,
72,7,wall,1975,,
72,6,wall,1976,,
72,5,wall,1977,,
72,4,wall,1978,,
72,0,wall,1979,,
71,49,wall,1980,,
71,41,wall,1981,,
71,40,wall,1982,,
71,0,wall,1983,,
70,49,wall,1984,,
70,42,wall,1985,,
70,40,wall,1986,,
70,35,wall,1987,,
70,34,wall,1988,,
70,33,wall,1989,,
70,32,wall,1990,,
70,31,wall,1991,,
70,30,wall,1992,,
70,29,wall,1993,,
70,28,wall,1994,,
70,27,wall,1995,,
70,26,wall,1996,,
70,25,wall,1997,,
70,24,wall,1998,,
70,23,wall,1999,,
70,22,wall,2000,,
70,21,wall,2001,,
70,20,wall,2002,,
70,19,wall,2003,,
70,18,wall,2004,,
70,17,wall,2005,,
70,16,door,2006,,
70,15,door,2007,,
70,14,wall,2008,,
70,13,wall,2009,,
70,8,door,2010,,
70,0,wall,2011,,
69,49,wall,2012,,
69,45,wall,2013,,
69,44,wall,2014,,
69,43,wall,2015,,
69,42,wall,2016,,
69,41,wall,2017,,
69,40,wall,2018,,
69,35,wall,2019,,
69,33,wall,2020,,
69,13,wall,2021,,
69,8,door,2022,,
69,0,wall,2023,,
68,49,wall,2024,,
68,40,wall,2025,,
68,35,wall,2026,,
68,34,wall,2027,,
68,29,stair,2028,,
68,27,stair,2029,,
68,25,stair,2030,,
68,23,stair,2031,,
68,21,stair,2032,,
68,19,stair,2033,,
68,13,wall,2034,,
68,8,wall,2035,,
68,7,wall,2036,,
68,6,wall,2037,,
68,5,wall,2038,,
68,4,wall,2039,,
68,3,wall,2040,,
68,2,wall,2041,,
68,1,wall,2042,,
68,0,wall,2043,,
67,49,wall,2044,,
67,40,door,2045,,
67,35,wall,2046,,
67,29,stair,2047,,
67,28,stair,2048,,
67,27,stair,2049,,
67,26,stair,2050,,
67,25,stair,2051,,
67,24,stair,2052,,
67,23,stair,2053,,
67,22,stair,2054,,
67,21,stair,2055,,
67,20,stair,2056,,
67,19,stair,2057,,
67,13,wall,2058,,
67,8,wall,2059,,
67,0,wall,2060,,
66,49,wall,2061,,
66,48,wall,2062,,
66,47,wall,2063,,
66,46,wall,2064,,
66,45,wall,2065,,
66,44,wall,2066,,
66,43,wall,2067,,
66,42,wall,2068,,
66,41,wall,2069,,
66,40,wall,2070,,
66,35,wall,2071,,
66,13,wall,2072,,
66,8,wall,2073,,
66,0,wall,2074,,
65,49,wall,2075,,
65,46,stair,2076,,
65,44,stair,2077,,
65,40,wall,2078,,
65,35,wall,2079,,
65,13,wall,2080,,
65,8,wall,2081,,
65,3,stair,2082,,
65,2,stair,2083,,
65,1,stair,2084,,
65,0,wall,2085,,
64,49,wall,2086,,
64,46,stair,2087,,
64,44,stair,2088,,
64,40,wall,2089,,
64,35,wall,2090,,
64,29,stair,2091,,
64,28,stair,2092,,
64,27,stair,2093,,
64,26,stair,2094,,
64,25,stair,2095,,
64,24,stair,2096,,
64,23,stair,2097,,
64,22,stair,2098,,
64,21,stair,2099,,
64,20,stair,2100,,
64,19,stair,2101,,
64,13,wall,2102,,
64,8,wall,2103,,
64,0,wall,2104,,
63,49,wall,2105,,
63,40,wall,2106,,
63,35,wall,2107,,
63,29,stair,2108,,
63,27,stair,2109,,
63,25,stair,2110,,
63,23,stair,2111,,
63,21,stair,2112,,
63,19,stair,2113,,
63,14,wall,2114,,
63,13,wall,2115,,
63,8,wall,2116,,
63,3,stair,2117,,
63,2,stair,2118,,
63,1,stair,2119,,
63,0,wall,2120,,
62,49,wall,2121,,
62,41,wall,2122,,
62,40,wall,2123,,
62,35,wall,2124,,
62,15,wall,2125,,
62,13,wall,2126,,
62,8,wall,2127,,
62,0,wall,2128,,
61,49,wall,2129,,
61,42,wall,2130,,
61,40,wall,2131,,
61,35,wall,2132,,
61,34,wall,2133,,
61,33,door,2134,,
61,32,door,2135,,
61,31,wall,2136,,
61,30,wall,2137,,
61,29,wall,2138,,
61,28,wall,2139,,
61,27,wall,2140,,
61,26,wall,2141,,
61,25,wall,2142,,
61,24,wall,2143,,
61,23,wall,2144,,
61,22,wall,2145,,
61,21,wall,2146,,
61,20,wall,2147,,
61,19,wall,2148,,
61,18,wall,2149,,
61,17,wall,2150,,
61,16,wall,2151,,
61,15,wall,2152,,
61,14,wall,2153,,
61,13,wall,2154,,
61,8,wall,2155,,
61,0,wall,2156,,
60,49,wall,2157,,
60,45,wall,2158,,
60,44,wall,2159,,
60,43,wall,2160,,
60,42,wall,2161,,
60,41,wall,2162,,
60,40,wall,2163,,
60,8,wall,2164,,
60,0,wall,2165,,
59,49,wall,2166,,
59,40,wall,2167,,
59,8,wall,2168,,
59,0,wall,2169,,
58,49,wall,2170,,
58,40,door,2171,,
58,8,wall,2172,,
58,7,wall,2173,,
58,0,wall,2174,,
57,49,wall,2175,,
57,48,wall,2176,,
57,47,door,2177,,
57,46,wall,2178,,
57,45,wall,2179,,
57,44,wall,2180,,
57,43,wall,2181,,
57,42,wall,2182,,
57,41,wall,2183,,
57,40,wall,2184,,
57,8,wall,2185,,
57,6,wall,2186,,
57,0,wall,2187,,
56,49,wall,2188,,
56,46,stair,2189,,
56,44,stair,2190,,
56,40,wall,2191,,
56,35,wall,2192,,
56,34,wall,2193,,
56,33,wall,2194,,
56,32,wall,2195,,
56,31,wall,2196,,
56,30,wall,2197,,
56,29,wall,2198,,
56,28,wall,2199,,
56,27,wall,2200,,
56,26,door,2201,,
56,25,door,2202,,
56,24,wall,2203,,
56,23,door,2204,,
56,22,door,2205,,
56,21,wall,2206,,
56,20,wall,2207,,
56,19,wall,2208,,
56,18,wall,2209,,
56,17,wall,2210,,
56,16,wall,2211,,
56,15,wall,2212,,
56,14,wall,2213,,
56,13,wall,2214,,
56,8,wall,2215,,
56,7,wall,2216,,
56,6,wall,2217,,
56,5,wall,2218,,
56,4,wall,2219,,
56,0,wall,2220,,
55,49,wall,2221,,
55,46,stair,2222,,
55,44,stair,2223,,
55,40,wall,2224,,
55,35,wall,2225,,
55,33,wall,2226,,
55,24,wall,2227,,
55,15,wall,2228,,
55,13,wall,2229,,
55,0,wall,2230,,
54,49,wall,2231,,
54,46,stair,2232,,
54,44,stair,2233,,
54,40,wall,2234,,
54,35,wall,2235,,
54,34,wall,2236,,
54,24,wall,2237,,
54,14,wall,2238,,
54,13,wall,2239,,
54,8,door,2240,,
54,0,wall,2241,,
53,49,wall,2242,,
53,41,wall,2243,,
53,40,wall,2244,,
53,35,wall,2245,,
53,31,stair,2246,,
53,30,stair,2247,,
53,29,stair,2248,,
53,28,stair,2249,,
53,24,wall,2250,,
53,20,stair,2251,,
53,19,stair,2252,,
53,18,stair,2253,,
53,17,stair,2254,,
53,13,wall,2255,,
53,8,wall,2256,,
53,7,wall,2257,,
53,6,wall,2258,,
53,5,wall,2259,,
53,4,wall,2260,,
53,3,wall,2261,,
53,2,door,2262,,
53,1,wall,2263,,
53,0,wall,2264,,
52,49,wall,2265,,
52,42,wall,2266,,
52,40,wall,2267,,
52,35,wall,2268,,
52,24,wall,2269,,
52,16,stair,2270,,
52,13,wall,2271,,
52,8,wall,2272,,
52,0,wall,2273,,
51,49,wall,2274,,
51,45,wall,2275,,
51,44,wall,2276,,
51,43,wall,2277,,
51,42,wall,2278,,
51,41,wall,2279,,
51,40,wall,2280,,
51,35,wall,2281,,
51,24,wall,2282,,
51,16,stair,2283,,
51,13,wall,2284,,
51,8,wall,2285,,
51,0,wall,2286,,
50,49,wall,2287,,
50,40,wall,2288,,
50,35,wall,2289,,
50,31,stair,2290,,
50,30,stair,2291,,
50,29,stair,2292,,
50,28,stair,2293,,
50,24,wall,2294,,
50,20,stair,2295,,
50,19,stair,2296,,
50,18,stair,2297,,
50,17,stair,2298,,
50,13,wall,2299,,
50,8,wall,2300,,
50,0,wall,2301,,
49,49,wall,2302,,
49,40,door,2303,,
49,35,wall,2304,,
49,24,wall,2305,,
49,13,wall,2306,,
49,8,wall,2307,,
49,3,stair,2308,,
49,0,wall,2309,,
48,49,wall,2310,,
48,48,wall,2311,,
48,47,wall,2312,,
48,46,wall,2313,,
48,45,wall,2314,,
48,44,wall,2315,,
48,43,door,2316,,
48,42,wall,2317,,
48,41,wall,2318,,
48,40,wall,2319,,
48,35,wall,2320,,
48,24,wall,2321,,
48,13,wall,2322,,
48,8,wall,2323,,
48,3,stair,2324,,
48,0,wall,2325,,
47,49,wall,2326,,
47,48,stair,2327,,
47,40,wall,2328,,
47,35,wall,2329,,
47,34,wall,2330,,
47,33,wall,2331,,
47,32,wall,2332,,
47,31,wall,2333,,
47,30,wall,2334,,
47,29,wall,2335,,
47,28,wall,2336,,
47,27,door,2337,,
47,26,wall,2338,,
47,25,wall,2339,,
47,24,wall,2340,,
47,23,wall,2341,,
47,22,wall,2342,,
47,21,wall,2343,,
47,20,wall,2344,,
47,19,wall,2345,,
47,18,wall,2346,,
47,17,wall,2347,,
47,16,wall,2348,,
47,15,wall,2349,,
47,14,wall,2350,,
47,13,wall,2351,,
47,8,wall,2352,,
47,3,stair,2353,,
47,0,wall,2354,,
46,49,wall,2355,,
46,48,stair,2356,,
46,40,wall,2357,,
46,35,wall,2358,,
46,34,wall,2359,,
46,33,wall,2360,,
46,32,wall,2361,,
46,31,wall,2362,,
46,30,wall,2363,,
46,29,wall,2364,,
46,28,wall,2365,,
46,27,door,2366,,
46,26,wall,2367,,
46,25,wall,2368,,
46,24,wall,2369,,
46,23,wall,2370,,
46,22,wall,2371,,
46,21,wall,2372,,
46,20,wall,2373,,
46,19,wall,2374,,
46,18,wall,2375,,
46,17,wall,2376,,
46,16,wall,2377,,
46,15,wall,2378,,
46,14,wall,2379,,
46,13,wall,2380,,
46,8,wall,2381,,
46,0,wall,2382,,
45,49,wall,2383,,
45,48,stair,2384,,
45,40,wall,2385,,
45,35,wall,2386,,
45,26,wall,2387,,
45,17,wall,2388,,
45,16,wall,2389,,
45,13,wall,2390,,
45,8,wall,2391,,
45,0,wall,2392,,
44,49,wall,2393,,
44,48,stair,2394,,
44,41,wall,2395,,
44,40,wall,2396,,
44,35,wall,2397,,
44,26,wall,2398,,
44,17,wall,2399,,
44,13,wall,2400,,
44,8,wall,2401,,
44,0,wall,2402,,
43,49,wall,2403,,
43,48,stair,2404,,
43,42,wall,2405,,
43,40,wall,2406,,
43,35,wall,2407,,
43,34,wall,2408,,
43,33,door,2409,,
43,32,wall,2410,,
43,31,wall,2411,,
43,30,wall,2412,,
43,29,door,2413,,
43,28,wall,2414,,
43,26,wall,2415,,
43,25,wall,2416,,
43,24,door,2417,,
43,23,wall,2418,,
43,22,wall,2419,,
43,21,wall,2420,,
43,20,door,2421,,
43,19,wall,2422,,
43,17,wall,2423,,
43,13,wall,2424,,
43,8,wall,2425,,
43,0,wall,2426,,
42,49,wall,2427,,
42,45,wall,2428,,
42,44,wall,2429,,
42,43,wall,2430,,
42,42,wall,2431,,
42,41,wall,2432,,
42,40,wall,2433,,
42,35,wall,2434,,
42,32,wall,2435,,
42,31,wall,2436,,
42,28,wall,2437,,
42,26,wall,2438,,
42,23,wall,2439,,
42,22,wall,2440,,
42,19,wall,2441,,
42,17,wall,2442,,
42,13,wall,2443,,
42,8,wall,2444,,
42,0,wall,2445,,
41,49,wall,2446,,
41,40,wall,2447,,
41,35,wall,2448,,
41,32,wall,2449,,
41,31,wall,2450,,
41,28,wall,2451,,
41,26,wall,2452,,
41,23,wall,2453,,
41,22,wall,2454,,
41,19,wall,2455,,
41,17,wall,2456,,
41,16,wall,2457,,
41,13,door,2458,,
41,8,wall,2459,,
41,7,wall,2460,,
41,0,wall,2461,,
40,49,wall,2462,,
40,40,door,2463,,
40,35,wall,2464,,
40,32,wall,2465,,
40,31,wall,2466,,
40,28,wall,2467,,
40,26,wall,2468,,
40,23,wall,2469,,
40,22,wall,2470,,
40,19,wall,2471,,
40,17,wall,2472,,
40,15,wall,2473,,
40,14,wall,2474,,
40,13,wall,2475,,
40,8,wall,2476,,
40,6,wall,2477,,
40,0,wall,2478,,
39,49,wall,2479,,
39,48,wall,2480,,
39,47,wall,2481,,
39,46,wall,2482,,
39,45,wall,2483,,
39,44,wall,2484,,
39,43,wall,2485,,
39,42,wall,2486,,
39,41,wall,2487,,
39,40,wall,2488,,
39,35,wall,2489,,
39,34,wall,2490,,
39,33,wall,2491,,
39,32,wall,2492,,
39,31,wall,2493,,
39,30,wall,2494,,
39,29,wall,2495,,
39,28,wall,2496,,
39,27,door,2497,,
39,26,wall,2498,,
39,25,wall,2499,,
39,24,wall,2500,,
39,23,wall,2501,,
39,22,wall,2502,,
39,21,wall,2503,,
39,20,wall,2504,,
39,19,wall,2505,,
39,18,door,2506,,
39,17,wall,2507,,
39,16,wall,2508,,
39,15,wall,2509,,
39,14,wall,2510,,
39,13,wall,2511,,
39,8,wall,2512,,
39,7,wall,2513,,
39,6,wall,2514,,
39,5,wall,2515,,
39,4,wall,2516,,
39,0,wall,2517,,
38,49,wall,2518,,
38,46,stair,2519,,
38,44,stair,2520,,
38,40,wall,2521,,
38,0,wall,2522,,
37,49,wall,2523,,
37,46,stair,2524,,
37,44,stair,2525,,
37,40,wall,2526,,
37,8,door,2527,,
37,0,wall,2528,,
36,49,wall,2529,,
36,46,stair,2530,,
36,44,stair,2531,,
36,40,wall,2532,,
36,8,wall,2533,,
36,7,wall,2534,,
36,6,wall,2535,,
36,5,wall,2536,,
36,4,wall,2537,,
36,3,wall,2538,,
36,2,wall,2539,,
36,1,wall,2540,,
36,0,wall,2541,,
35,49,wall,2542,,
35,41,wall,2543,,
35,40,wall,2544,,
35,8,wall,2545,,
35,5,stair,2546,,
35,4,stair,2547,,
35,1,stair,2548,,
35,0,wall,2549,,
34,49,wall,2550,,
34,42,wall,2551,,
34,40,wall,2552,,
34,35,wall,2553,,
34,34,door,2554,,
34,33,wall,2555,,
34,32,wall,2556,,
34,31,wall,2557,,
34,30,wall,2558,,
34,29,wall,2559,,
34,28,wall,2560,,
34,27,wall,2561,,
34,26,wall,2562,,
34,25,wall,2563,,
34,24,wall,2564,,
34,23,wall,2565,,
34,22,wall,2566,,
34,21,wall,2567,,
34,20,wall,2568,,
34,19,wall,2569,,
34,18,wall,2570,,
34,17,wall,2571,,
34,16,wall,2572,,
34,15,wall,2573,,
34,14,wall,2574,,
34,13,wall,2575,,
34,8,wall,2576,,
34,1,stair,2577,,
34,0,wall,2578,,
33,49,wall,2579,,
33,45,wall,2580,,
33,44,wall,2581,,
33,43,wall,2582,,
33,42,wall,2583,,
33,41,wall,2584,,
33,40,wall,2585,,
33,35,wall,2586,,
33,13,wall,2587,,
33,1,stair,2588,,
33,0,wall,2589,,
32,49,wall,2590,,
32,40,wall,2591,,
32,35,wall,2592,,
32,13,wall,2593,,
32,0,wall,2594,,
31,49,wall,2595,,
31,40,door,2596,,
31,35,wall,2597,,
31,32,wall,2598,,
31,30,stair,2599,,
31,28,wall,2600,,
31,26,stair,2601,,
31,24,wall,2602,,
31,22,stair,2603,,
31,20,wall,2604,,
31,18,stair,2605,,
31,16,wall,2606,,
31,13,wall,2607,,
31,0,wall,2608,,
30,49,wall,2609,,
30,48,wall,2610,,
30,47,wall,2611,,
30,46,wall,2612,,
30,45,wall,2613,,
30,44,wall,2614,,
30,43,wall,2615,,
30,42,wall,2616,,
30,41,wall,2617,,
30,40,wall,2618,,
30,35,wall,2619,,
30,32,wall,2620,,
30,31,stair,2621,,
30,30,stair,2622,,
30,29,stair,2623,,
30,28,wall,2624,,
30,27,stair,2625,,
30,26,stair,2626,,
30,25,stair,2627,,
30,24,wall,2628,,
30,23,stair,2629,,
30,22,stair,2630,,
30,21,stair,2631,,
30,20,wall,2632,,
30,19,stair,2633,,
30,18,stair,2634,,
30,17,stair,2635,,
30,16,wall,2636,,
30,13,wall,2637,,
30,1,stair,2638,,
30,0,wall,2639,,
29,49,wall,2640,,
29,46,stair,2641,,
29,44,stair,2642,,
29,40,wall,2643,,
29,35,wall,2644,,
29,32,wall,2645,,
29,31,wall,2646,,
29,30,wall,2647,,
29,29,wall,2648,,
29,28,wall,2649,,
29,27,wall,2650,,
29,26,wall,2651,,
29,25,wall,2652,,
29,24,wall,2653,,
29,23,wall,2654,,
29,22,wall,2655,,
29,21,wall,2656,,
29,20,wall,2657,,
29,19,wall,2658,,
29,18,wall,2659,,
29,17,wall,2660,,
29,16,wall,2661,,
29,13,wall,2662,,
29,8,wall,2663,,
29,1,stair,2664,,
29,0,wall,2665,,
28,49,wall,2666,,
28,46,stair,2667,,
28,44,stair,2668,,
28,40,wall,2669,,
28,35,wall,2670,,
28,32,wall,2671,,
28,30,stair,2672,,
28,29,stair,2673,,
28,28,wall,2674,,
28,26,stair,2675,,
28,25,stair,2676,,
28,24,wall,2677,,
28,23,stair,2678,,
28,22,stair,2679,,
28,20,wall,2680,,
28,19,stair,2681,,
28,18,stair,2682,,
28,16,wall,2683,,
28,13,wall,2684,,
28,8,wall,2685,,
28,5,stair,2686,,
28,4,stair,2687,,
28,1,stair,2688,,
28,0,wall,2689,,
27,49,wall,2690,,
27,46,stair,2691,,
27,44,stair,2692,,
27,40,wall,2693,,
27,35,wall,2694,,
27,32,wall,2695,,
27,29,stair,2696,,
27,28,wall,2697,,
27,25,stair,2698,,
27,24,wall,2699,,
27,23,stair,2700,,
27,20,wall,2701,,
27,19,stair,2702,,
27,16,wall,2703,,
27,13,wall,2704,,
27,8,wall,2705,,
27,7,wall,2706,,
27,6,wall,2707,,
27,5,wall,2708,,
27,4,wall,2709,,
27,3,wall,2710,,
27,2,wall,2711,,
27,1,wall,2712,,
27,0,wall,2713,,
26,49,wall,2714,,
26,41,wall,2715,,
26,40,wall,2716,,
26,35,wall,2717,,
26,13,wall,2718,,
26,8,wall,2719,,
26,0,wall,2720,,
25,49,wall,2721,,
25,42,wall,2722,,
25,40,wall,2723,,
25,35,door,2724,,
25,13,door,2725,,
25,8,door,2726,,
25,0,wall,2727,,
24,49,wall,2728,,
24,45,wall,2729,,
24,44,wall,2730,,
24,43,wall,2731,,
24,42,wall,2732,,
24,41,wall,2733,,
24,40,wall,2734,,
24,35,wall,2735,,
24,13,wall,2736,,
24,8,wall,2737,,
24,0,wall,2738,,
23,49,wall,2739,,
23,40,wall,2740,,
23,35,wall,2741,,
23,32,wall,2742,,
23,31,stair,2743,,
23,28,wall,2744,,
23,27,stair,2745,,
23,24,wall,2746,,
23,21,stair,2747,,
23,20,wall,2748,,
23,17,stair,2749,,
23,16,wall,2750,,
23,13,wall,2751,,
23,8,wall,2752,,
23,7,wall,2753,,
23,6,wall,2754,,
23,5,wall,2755,,
23,4,wall,2756,,
23,3,wall,2757,,
23,2,wall,2758,,
23,1,wall,2759,,
23,0,wall,2760,,
22,49,wall,2761,,
22,40,door,2762,,
22,35,wall,2763,,
22,32,wall,2764,,
22,31,stair,2765,,
22,30,stair,2766,,
22,28,wall,2767,,
22,27,stair,2768,,
22,26,stair,2769,,
22,24,wall,2770,,
22,22,stair,2771,,
22,21,stair,2772,,
22,20,wall,2773,,
22,18,stair,2774,,
22,17,stair,2775,,
22,16,wall,2776,,
22,13,wall,2777,,
22,0,wall,2778,,
21,49,wall,2779,,
21,48,wall,2780,,
21,47,wall,2781,,
21,46,wall,2782,,
21,45,wall,2783,,
21,44,wall,2784,,
21,43,wall,2785,,
21,42,wall,2786,,
21,41,wall,2787,,
21,40,wall,2788,,
21,35,wall,2789,,
21,32,wall,2790,,
21,31,wall,2791,,
21,30,wall,2792,,
21,29,wall,2793,,
21,28,wall,2794,,
21,27,wall,2795,,
21,26,wall,2796,,
21,25,wall,2797,,
21,24,wall,2798,,
21,23,wall,2799,,
21,22,wall,2800,,
21,21,wall,2801,,
21,20,wall,2802,,
21,19,wall,2803,,
21,18,wall,2804,,
21,17,wall,2805,,
21,16,wall,2806,,
21,13,wall,2807,,
21,7,wall,2808,,
21,0,wall,2809,,
20,49,wall,2810,,
20,46,stair,2811,,
20,40,wall,2812,,
20,35,wall,2813,,
20,32,wall,2814,,
20,31,stair,2815,,
20,30,stair,2816,,
20,29,stair,2817,,
20,28,wall,2818,,
20,27,stair,2819,,
20,26,stair,2820,,
20,25,stair,2821,,
20,24,wall,2822,,
20,23,stair,2823,,
20,22,stair,2824,,
20,21,stair,2825,,
20,20,wall,2826,,
20,19,stair,2827,,
20,18,stair,2828,,
20,17,stair,2829,,
20,16,wall,2830,,
20,13,wall,2831,,
20,0,wall,2832,,
19,49,wall,2833,,
19,46,stair,2834,,
19,40,wall,2835,,
19,35,wall,2836,,
19,32,wall,2837,,
19,30,stair,2838,,
19,28,wall,2839,,
19,26,stair,2840,,
19,24,wall,2841,,
19,22,stair,2842,,
19,20,wall,2843,,
19,18,stair,2844,,
19,16,wall,2845,,
19,13,wall,2846,,
19,7,wall,2847,,
19,0,wall,2848,,
18,49,wall,2849,,
18,46,stair,2850,,
18,40,wall,2851,,
18,35,wall,2852,,
18,13,wall,2853,,
18,12,wall,2854,,
18,0,wall,2855,,
17,49,wall,2856,,
17,41,wall,2857,,
17,40,wall,2858,,
17,35,wall,2859,,
17,13,wall,2860,,
17,11,wall,2861,,
17,7,wall,2862,,
17,0,wall,2863,,
16,49,wall,2864,,
16,42,wall,2865,,
16,40,wall,2866,,
16,35,wall,2867,,
16,34,wall,2868,,
16,33,wall,2869,,
16,32,wall,2870,,
16,31,wall,2871,,
16,30,wall,2872,,
16,29,wall,2873,,
16,28,wall,2874,,
16,27,wall,2875,,
16,26,wall,2876,,
16,25,wall,2877,,
16,24,wall,2878,,
16,23,wall,2879,,
16,22,wall,2880,,
16,21,wall,2881,,
16,20,wall,2882,,
16,19,wall,2883,,
16,18,wall,2884,,
16,17,wall,2885,,
16,16,wall,2886,,
16,15,wall,2887,,
16,14,wall,2888,,
16,13,wall,2889,,
16,12,wall,2890,,
16,11,wall,2891,,
16,10,wall,2892,,
16,9,wall,2893,,
16,8,wall,2894,,
16,7,wall,2895,,
16,6,wall,2896,,
16,5,door,2897,,
16,4,door,2898,,
16,3,wall,2899,,
16,2,door,2900,,
16,1,door,2901,,
16,0,wall,2902,,
15,49,wall,2903,,
15,45,wall,2904,,
15,44,wall,2905,,
15,43,wall,2906,,
15,42,wall,2907,,
15,41,wall,2908,,
15,40,wall,2909,,
15,35,wall,2910,,
15,3,wall,2911,,
15,0,wall,2912,,
14,49,wall,2913,,
14,40,wall,2914,,
14,35,wall,2915,,
14,21,wall,2916,,
14,3,wall,2917,,
14,0,wall,2918,,
13,49,wall,2919,,
13,40,door,2920,,
13,35,wall,2921,,
13,21,wall,2922,,
13,3,wall,2923,,
13,0,wall,2924,,
12,49,wall,2925,,
12,48,wall,2926,,
12,47,wall,2927,,
12,46,wall,2928,,
12,45,wall,2929,,
12,44,wall,2930,,
12,43,wall,2931,,
12,42,wall,2932,,
12,41,wall,2933,,
12,40,wall,2934,,
12,35,wall,2935,,
12,22,wall,2936,,
12,3,wall,2937,,
12,0,wall,2938,,
11,49,wall,2939,,
11,46,stair,2940,,
11,44,stair,2941,,
11,40,wall,2942,,
11,35,wall,2943,,
11,22,wall,2944,,
11,3,wall,2945,,
11,0,wall,2946,,
10,49,wall,2947,,
10,46,stair,2948,,
10,44,stair,2949,,
10,40,wall,2950,,
10,35,wall,2951,,
10,22,wall,2952,,
10,3,wall,2953,,
10,0,wall,2954,,
9,49,wall,2955,,
9,46,stair,2956,,
9,44,stair,2957,,
9,40,wall,2958,,
9,35,wall,2959,,
9,23,wall,2960,,
9,3,wall,2961,,
9,0,wall,2962,,
8,49,wall,2963,,
8,41,wall,2964,,
8,40,wall,2965,,
8,35,wall,2966,,
8,24,wall,2967,,
8,3,wall,2968,,
8,0,wall,2969,,
7,49,wall,2970,,
7,42,wall,2971,,
7,40,wall,2972,,
7,35,wall,2973,,
7,24,wall,2974,,
7,3,wall,2975,,
7,0,wall,2976,,
6,49,wall,2977,,
6,45,wall,2978,,
6,44,wall,2979,,
6,43,wall,2980,,
6,42,wall,2981,,
6,41,wall,2982,,
6,40,wall,2983,,
6,35,wall,2984,,
6,25,wall,2985,,
6,24,wall,2986,,
6,23,wall,2987,,
6,22,wall,2988,,
6,21,wall,2989,,
6,20,wall,2990,,
6,19,wall,2991,,
6,18,wall,2992,,
6,17,wall,2993,,
6,16,wall,2994,,
6,15,wall,2995,,
6,14,wall,2996,,
6,13,wall,2997,,
6,12,wall,2998,,
6,11,wall,2999,,
6,10,wall,3000,,
6,9,wall,3001,,
6,8,wall,3002,,
6,7,wall,3003,,
6,3,wall,3004,,
6,0,wall,3005,,
5,49,wall,3006,,
5,40,wall,3007,,
5,35,wall,3008,,
5,27,wall,3009,,
5,26,wall,3010,,
5,0,wall,3011,,
4,49,wall,3012,,
4,40,door,3013,,
4,35,wall,3014,,
4,28,wall,3015,,
4,0,wall,3016,,
3,49,wall,3017,,
3,48,wall,3018,,
3,47,wall,3019,,
3,46,wall,3020,,
3,45,wall,3021,,
3,44,wall,3022,,
3,43,wall,3023,,
3,42,wall,3024,,
3,41,wall,3025,,
3,40,wall,3026,,
3,39,wall,3027,,
3,38,wall,3028,,
3,37,wall,3029,,
3,36,wall,3030,,
3,35,wall,3031,,
3,31,wall,3032,,
3,30,wall,3033,,
3,29,wall,3034,,
3,0,wall,3035,,
2,49,wall,3036,,
2,34,wall,3037,,
2,33,wall,3038,,
2,32,wall,3039,,
2,0,wall,3040,,
1,49,wall,3041,,
1,0,wall,3042,,
0,49,wall,3043,,
0,0,wall,3044,,
42,7,yellow,3123,30,10
59,5,green,3124,10,5
67,1,green,3125,10,5
75,7,green,3126,10,5
83,15,green,3127,10,5
89,3,yellow,3128,30,10
90,11,green,3129,10,5
82,18,yellow,3130,30,10
76,18,green,3131,10,5
83,27,green,3132,10,5
81,27,green,3133,10,5
74,42,green,3134,10,5
73,47,green,3135,10,5
65,48,green,3136,10,5
38,42,green,3137,10,5
36,48,green,3138,10,5
19,42,yellow,3139,30,10
16,43,green,3140,10,5
20,48,green,3141,10,5
11,43,yellow,3142,30,10
8,47,green,3143,10,5
19,17,yellow,3144,30,10
31,29,green,3145,10,5
42,21,green,3146,10,5
40,24,green,3147,10,5
40,29,yellow,3148,30,10
52,33,green,3149,10,5
53,14,green,3150,10,5
48,15,green,3151,10,5
48,23,yellow,3152,30,10
69,32,yellow,3153,30,10
63,26,green,3154,10,5
63,20,green,3155,10,5
65,17,yellow,3156,30,10
51,9,wall,3157,,
51,10,wall,3158,,
51,11,wall,3159,,
51,12,wall,3160,,
74,25,wall,3161,,
73,25,wall,3162,,
72,25,wall,3163,,
71,25,wall,3164,,
49,36,wall,3165,,
49,37,wall,3166,,
49,38,wall,3167,,
49,39,wall,3168,,
26,14,wall,3169,,
25,14,wall,3170,,
24,14,wall,3171,,
23,14,wall,3172,,